CREATE DATABASE  IF NOT EXISTS `seckill` /*!40100 DEFAULT CHARACTER SET utf8mb4 COLLATE utf8mb4_0900_ai_ci */ /*!80016 DEFAULT ENCRYPTION='N' */;
USE `seckill`;
-- MySQL dump 10.13  Distrib 8.0.17, for Win64 (x86_64)
--
-- Host: localhost    Database: seckill
-- ------------------------------------------------------
-- Server version	8.0.17

/*!40101 SET @OLD_CHARACTER_SET_CLIENT=@@CHARACTER_SET_CLIENT */;
/*!40101 SET @OLD_CHARACTER_SET_RESULTS=@@CHARACTER_SET_RESULTS */;
/*!40101 SET @OLD_COLLATION_CONNECTION=@@COLLATION_CONNECTION */;
/*!50503 SET NAMES utf8 */;
/*!40103 SET @OLD_TIME_ZONE=@@TIME_ZONE */;
/*!40103 SET TIME_ZONE='+00:00' */;
/*!40014 SET @OLD_UNIQUE_CHECKS=@@UNIQUE_CHECKS, UNIQUE_CHECKS=0 */;
/*!40014 SET @OLD_FOREIGN_KEY_CHECKS=@@FOREIGN_KEY_CHECKS, FOREIGN_KEY_CHECKS=0 */;
/*!40101 SET @OLD_SQL_MODE=@@SQL_MODE, SQL_MODE='NO_AUTO_VALUE_ON_ZERO' */;
/*!40111 SET @OLD_SQL_NOTES=@@SQL_NOTES, SQL_NOTES=0 */;

--
-- Table structure for table `item`
--

DROP TABLE IF EXISTS `item`;
/*!40101 SET @saved_cs_client     = @@character_set_client */;
/*!50503 SET character_set_client = utf8mb4 */;
CREATE TABLE `item` (
  `id` int(11) NOT NULL AUTO_INCREMENT COMMENT 'ID',
  `title` varchar(100) NOT NULL DEFAULT '' COMMENT '名称',
  `price` double(10,2) NOT NULL DEFAULT '0.00' COMMENT '价格',
  `sales` int(11) NOT NULL DEFAULT '0' COMMENT '销量',
  `image_url` varchar(200) NOT NULL DEFAULT '' COMMENT '封面图',
  `description` varchar(2000) NOT NULL DEFAULT '' COMMENT '详情',
  PRIMARY KEY (`id`)
) ENGINE=InnoDB AUTO_INCREMENT=191 DEFAULT CHARSET=utf8;
/*!40101 SET character_set_client = @saved_cs_client */;

--
-- Dumping data for table `item`
--

LOCK TABLES `item` WRITE;
/*!40000 ALTER TABLE `item` DISABLE KEYS */;
INSERT INTO `item` VALUES (161,'医用外科口罩100只蓝色 百医卫仕医用外科口罩独立包装灭菌级一次性医用口罩防尘口罩无菌成人挂耳式防细菌飞沫隔离病菌防护口罩',10.00,100,'https://img12.360buyimg.com/seckillcms/s420x420_jfs/t1/157684/7/22732/137484/61c42415Ecaaf4b77/8e2d280f0be97ef3.jpg','<div class=\"row goods-parameter\"><div class=\"col-sm-12 brand\">品牌： 百医卫仕</div><div class=\"col-sm-3\">商品名称：百医卫仕单只独立包装</div><div class=\"col-sm-3\">商品编号：10021980325305</div><div class=\"col-sm-3\">店铺： 贰仟家大药房旗舰店</div><div class=\"col-sm-3\">商品毛重：200.00g</div><div class=\"col-sm-3\">商品产地：中国大陆</div><div class=\"col-sm-3\">口罩佩戴方式：耳戴式</div><div class=\"col-sm-3\">类别：医用外科口罩</div><div class=\"col-sm-3\">类型：平板式</div><div class=\"col-sm-3\">是否灭菌级：灭菌级</div><div class=\"col-sm-3\">国产/进口：国产</div></div><div class=\"row goods-pictures\"><div class=\"col-sm-12\"><img src=\"https://img10.360buyimg.com/imgzone/jfs/t1/181764/38/18957/92276/6113a3d3Ec8dcba9b/e92848dc7773d454.jpg\" /></div><div class=\"col-sm-12\"><img src=\"http://img30.360buyimg.com/popWareDetail/jfs/t1/160740/40/6931/277831/602e149cE0fd19831/8c040a4e04eae471.gif\" /></div><div class=\"col-sm-12\"><img src=\"http://img30.360buyimg.com/popWareDetail/jfs/t1/167615/10/6751/38277/602e14abE5fa9f165/4a01605ac76da6d8.jpg\" /></div><div class=\"col-sm-12\"><img src=\"http://img30.360buyimg.com/popWareDetail/jfs/t1/155572/19/10285/154847/602e1521Ed445f16b/a18d7c372f393595.jpg\" /></div><div class=\"col-sm-12\"><img src=\"http://img30.360buyimg.com/popWareDetail/jfs/t1/147204/26/16168/918711/5fc2f2a0E77714e5f/2bd729a0052a3dd9.gif\" /></div><div class=\"col-sm-12\"><img src=\"https://img10.360buyimg.com/img zone/jfs/t1/195578/28/5162/170752/60af3cefE8f335e9c/2118218358043621.jpg\" /></div><div class=\"col-sm-12\"><img src=\"http://img30.360buyimg.com/popWareDetail/jfs/t1/144411/15/15140/213299/5fb757ceEe7055a11/7900b0b608fd21f8.jpg\" /></div></div>'),(162,'医用外科口罩100只蓝色 百医卫仕医用外科口罩独立包装灭菌级一次性医用口罩防尘口罩无菌成人挂耳式防细菌飞沫隔离病菌防护口罩',20.00,204,'https://img12.360buyimg.com/seckillcms/s420x420_jfs/t1/157684/7/22732/137484/61c42415Ecaaf4b77/8e2d280f0be97ef3.jpg','<div class=\"row goods-parameter\"><div class=\"col-sm-12 brand\">品牌： 百医卫仕</div><div class=\"col-sm-3\">商品名称：百医卫仕单只独立包装</div><div class=\"col-sm-3\">商品编号：10021980325305</div><div class=\"col-sm-3\">店铺： 贰仟家大药房旗舰店</div><div class=\"col-sm-3\">商品毛重：200.00g</div><div class=\"col-sm-3\">商品产地：中国大陆</div><div class=\"col-sm-3\">口罩佩戴方式：耳戴式</div><div class=\"col-sm-3\">类别：医用外科口罩</div><div class=\"col-sm-3\">类型：平板式</div><div class=\"col-sm-3\">是否灭菌级：灭菌级</div><div class=\"col-sm-3\">国产/进口：国产</div></div><div class=\"row goods-pictures\"><div class=\"col-sm-12\"><img src=\"https://img10.360buyimg.com/imgzone/jfs/t1/181764/38/18957/92276/6113a3d3Ec8dcba9b/e92848dc7773d454.jpg\" /></div><div class=\"col-sm-12\"><img src=\"http://img30.360buyimg.com/popWareDetail/jfs/t1/160740/40/6931/277831/602e149cE0fd19831/8c040a4e04eae471.gif\" /></div><div class=\"col-sm-12\"><img src=\"http://img30.360buyimg.com/popWareDetail/jfs/t1/167615/10/6751/38277/602e14abE5fa9f165/4a01605ac76da6d8.jpg\" /></div><div class=\"col-sm-12\"><img src=\"http://img30.360buyimg.com/popWareDetail/jfs/t1/155572/19/10285/154847/602e1521Ed445f16b/a18d7c372f393595.jpg\" /></div><div class=\"col-sm-12\"><img src=\"http://img30.360buyimg.com/popWareDetail/jfs/t1/147204/26/16168/918711/5fc2f2a0E77714e5f/2bd729a0052a3dd9.gif\" /></div><div class=\"col-sm-12\"><img src=\"https://img10.360buyimg.com/img zone/jfs/t1/195578/28/5162/170752/60af3cefE8f335e9c/2118218358043621.jpg\" /></div><div class=\"col-sm-12\"><img src=\"http://img30.360buyimg.com/popWareDetail/jfs/t1/144411/15/15140/213299/5fb757ceEe7055a11/7900b0b608fd21f8.jpg\" /></div></div>'),(163,'医用外科口罩100只蓝色 百医卫仕医用外科口罩独立包装灭菌级一次性医用口罩防尘口罩无菌成人挂耳式防细菌飞沫隔离病菌防护口罩',30.00,300,'https://img12.360buyimg.com/seckillcms/s420x420_jfs/t1/157684/7/22732/137484/61c42415Ecaaf4b77/8e2d280f0be97ef3.jpg','<div class=\"row goods-parameter\"><div class=\"col-sm-12 brand\">品牌： 百医卫仕</div><div class=\"col-sm-3\">商品名称：百医卫仕单只独立包装</div><div class=\"col-sm-3\">商品编号：10021980325305</div><div class=\"col-sm-3\">店铺： 贰仟家大药房旗舰店</div><div class=\"col-sm-3\">商品毛重：200.00g</div><div class=\"col-sm-3\">商品产地：中国大陆</div><div class=\"col-sm-3\">口罩佩戴方式：耳戴式</div><div class=\"col-sm-3\">类别：医用外科口罩</div><div class=\"col-sm-3\">类型：平板式</div><div class=\"col-sm-3\">是否灭菌级：灭菌级</div><div class=\"col-sm-3\">国产/进口：国产</div></div><div class=\"row goods-pictures\"><div class=\"col-sm-12\"><img src=\"https://img10.360buyimg.com/imgzone/jfs/t1/181764/38/18957/92276/6113a3d3Ec8dcba9b/e92848dc7773d454.jpg\" /></div><div class=\"col-sm-12\"><img src=\"http://img30.360buyimg.com/popWareDetail/jfs/t1/160740/40/6931/277831/602e149cE0fd19831/8c040a4e04eae471.gif\" /></div><div class=\"col-sm-12\"><img src=\"http://img30.360buyimg.com/popWareDetail/jfs/t1/167615/10/6751/38277/602e14abE5fa9f165/4a01605ac76da6d8.jpg\" /></div><div class=\"col-sm-12\"><img src=\"http://img30.360buyimg.com/popWareDetail/jfs/t1/155572/19/10285/154847/602e1521Ed445f16b/a18d7c372f393595.jpg\" /></div><div class=\"col-sm-12\"><img src=\"http://img30.360buyimg.com/popWareDetail/jfs/t1/147204/26/16168/918711/5fc2f2a0E77714e5f/2bd729a0052a3dd9.gif\" /></div><div class=\"col-sm-12\"><img src=\"https://img10.360buyimg.com/img zone/jfs/t1/195578/28/5162/170752/60af3cefE8f335e9c/2118218358043621.jpg\" /></div><div class=\"col-sm-12\"><img src=\"http://img30.360buyimg.com/popWareDetail/jfs/t1/144411/15/15140/213299/5fb757ceEe7055a11/7900b0b608fd21f8.jpg\" /></div></div>'),(164,'医用外科口罩100只蓝色 百医卫仕医用外科口罩独立包装灭菌级一次性医用口罩防尘口罩无菌成人挂耳式防细菌飞沫隔离病菌防护口罩',40.00,400,'https://img12.360buyimg.com/seckillcms/s420x420_jfs/t1/157684/7/22732/137484/61c42415Ecaaf4b77/8e2d280f0be97ef3.jpg','<div class=\"row goods-parameter\"><div class=\"col-sm-12 brand\">品牌： 百医卫仕</div><div class=\"col-sm-3\">商品名称：百医卫仕单只独立包装</div><div class=\"col-sm-3\">商品编号：10021980325305</div><div class=\"col-sm-3\">店铺： 贰仟家大药房旗舰店</div><div class=\"col-sm-3\">商品毛重：200.00g</div><div class=\"col-sm-3\">商品产地：中国大陆</div><div class=\"col-sm-3\">口罩佩戴方式：耳戴式</div><div class=\"col-sm-3\">类别：医用外科口罩</div><div class=\"col-sm-3\">类型：平板式</div><div class=\"col-sm-3\">是否灭菌级：灭菌级</div><div class=\"col-sm-3\">国产/进口：国产</div></div><div class=\"row goods-pictures\"><div class=\"col-sm-12\"><img src=\"https://img10.360buyimg.com/imgzone/jfs/t1/181764/38/18957/92276/6113a3d3Ec8dcba9b/e92848dc7773d454.jpg\" /></div><div class=\"col-sm-12\"><img src=\"http://img30.360buyimg.com/popWareDetail/jfs/t1/160740/40/6931/277831/602e149cE0fd19831/8c040a4e04eae471.gif\" /></div><div class=\"col-sm-12\"><img src=\"http://img30.360buyimg.com/popWareDetail/jfs/t1/167615/10/6751/38277/602e14abE5fa9f165/4a01605ac76da6d8.jpg\" /></div><div class=\"col-sm-12\"><img src=\"http://img30.360buyimg.com/popWareDetail/jfs/t1/155572/19/10285/154847/602e1521Ed445f16b/a18d7c372f393595.jpg\" /></div><div class=\"col-sm-12\"><img src=\"http://img30.360buyimg.com/popWareDetail/jfs/t1/147204/26/16168/918711/5fc2f2a0E77714e5f/2bd729a0052a3dd9.gif\" /></div><div class=\"col-sm-12\"><img src=\"https://img10.360buyimg.com/img zone/jfs/t1/195578/28/5162/170752/60af3cefE8f335e9c/2118218358043621.jpg\" /></div><div class=\"col-sm-12\"><img src=\"http://img30.360buyimg.com/popWareDetail/jfs/t1/144411/15/15140/213299/5fb757ceEe7055a11/7900b0b608fd21f8.jpg\" /></div></div>'),(165,'医用外科口罩100只蓝色 百医卫仕医用外科口罩独立包装灭菌级一次性医用口罩防尘口罩无菌成人挂耳式防细菌飞沫隔离病菌防护口罩',50.00,500,'https://img12.360buyimg.com/seckillcms/s420x420_jfs/t1/157684/7/22732/137484/61c42415Ecaaf4b77/8e2d280f0be97ef3.jpg','<div class=\"row goods-parameter\"><div class=\"col-sm-12 brand\">品牌： 百医卫仕</div><div class=\"col-sm-3\">商品名称：百医卫仕单只独立包装</div><div class=\"col-sm-3\">商品编号：10021980325305</div><div class=\"col-sm-3\">店铺： 贰仟家大药房旗舰店</div><div class=\"col-sm-3\">商品毛重：200.00g</div><div class=\"col-sm-3\">商品产地：中国大陆</div><div class=\"col-sm-3\">口罩佩戴方式：耳戴式</div><div class=\"col-sm-3\">类别：医用外科口罩</div><div class=\"col-sm-3\">类型：平板式</div><div class=\"col-sm-3\">是否灭菌级：灭菌级</div><div class=\"col-sm-3\">国产/进口：国产</div></div><div class=\"row goods-pictures\"><div class=\"col-sm-12\"><img src=\"https://img10.360buyimg.com/imgzone/jfs/t1/181764/38/18957/92276/6113a3d3Ec8dcba9b/e92848dc7773d454.jpg\" /></div><div class=\"col-sm-12\"><img src=\"http://img30.360buyimg.com/popWareDetail/jfs/t1/160740/40/6931/277831/602e149cE0fd19831/8c040a4e04eae471.gif\" /></div><div class=\"col-sm-12\"><img src=\"http://img30.360buyimg.com/popWareDetail/jfs/t1/167615/10/6751/38277/602e14abE5fa9f165/4a01605ac76da6d8.jpg\" /></div><div class=\"col-sm-12\"><img src=\"http://img30.360buyimg.com/popWareDetail/jfs/t1/155572/19/10285/154847/602e1521Ed445f16b/a18d7c372f393595.jpg\" /></div><div class=\"col-sm-12\"><img src=\"http://img30.360buyimg.com/popWareDetail/jfs/t1/147204/26/16168/918711/5fc2f2a0E77714e5f/2bd729a0052a3dd9.gif\" /></div><div class=\"col-sm-12\"><img src=\"https://img10.360buyimg.com/img zone/jfs/t1/195578/28/5162/170752/60af3cefE8f335e9c/2118218358043621.jpg\" /></div><div class=\"col-sm-12\"><img src=\"http://img30.360buyimg.com/popWareDetail/jfs/t1/144411/15/15140/213299/5fb757ceEe7055a11/7900b0b608fd21f8.jpg\" /></div></div>'),(166,'医用外科口罩100只蓝色 百医卫仕医用外科口罩独立包装灭菌级一次性医用口罩防尘口罩无菌成人挂耳式防细菌飞沫隔离病菌防护口罩',60.00,600,'https://img12.360buyimg.com/seckillcms/s420x420_jfs/t1/157684/7/22732/137484/61c42415Ecaaf4b77/8e2d280f0be97ef3.jpg','<div class=\"row goods-parameter\"><div class=\"col-sm-12 brand\">品牌： 百医卫仕</div><div class=\"col-sm-3\">商品名称：百医卫仕单只独立包装</div><div class=\"col-sm-3\">商品编号：10021980325305</div><div class=\"col-sm-3\">店铺： 贰仟家大药房旗舰店</div><div class=\"col-sm-3\">商品毛重：200.00g</div><div class=\"col-sm-3\">商品产地：中国大陆</div><div class=\"col-sm-3\">口罩佩戴方式：耳戴式</div><div class=\"col-sm-3\">类别：医用外科口罩</div><div class=\"col-sm-3\">类型：平板式</div><div class=\"col-sm-3\">是否灭菌级：灭菌级</div><div class=\"col-sm-3\">国产/进口：国产</div></div><div class=\"row goods-pictures\"><div class=\"col-sm-12\"><img src=\"https://img10.360buyimg.com/imgzone/jfs/t1/181764/38/18957/92276/6113a3d3Ec8dcba9b/e92848dc7773d454.jpg\" /></div><div class=\"col-sm-12\"><img src=\"http://img30.360buyimg.com/popWareDetail/jfs/t1/160740/40/6931/277831/602e149cE0fd19831/8c040a4e04eae471.gif\" /></div><div class=\"col-sm-12\"><img src=\"http://img30.360buyimg.com/popWareDetail/jfs/t1/167615/10/6751/38277/602e14abE5fa9f165/4a01605ac76da6d8.jpg\" /></div><div class=\"col-sm-12\"><img src=\"http://img30.360buyimg.com/popWareDetail/jfs/t1/155572/19/10285/154847/602e1521Ed445f16b/a18d7c372f393595.jpg\" /></div><div class=\"col-sm-12\"><img src=\"http://img30.360buyimg.com/popWareDetail/jfs/t1/147204/26/16168/918711/5fc2f2a0E77714e5f/2bd729a0052a3dd9.gif\" /></div><div class=\"col-sm-12\"><img src=\"https://img10.360buyimg.com/img zone/jfs/t1/195578/28/5162/170752/60af3cefE8f335e9c/2118218358043621.jpg\" /></div><div class=\"col-sm-12\"><img src=\"http://img30.360buyimg.com/popWareDetail/jfs/t1/144411/15/15140/213299/5fb757ceEe7055a11/7900b0b608fd21f8.jpg\" /></div></div>'),(167,'医用外科口罩100只蓝色 百医卫仕医用外科口罩独立包装灭菌级一次性医用口罩防尘口罩无菌成人挂耳式防细菌飞沫隔离病菌防护口罩',70.00,700,'https://img12.360buyimg.com/seckillcms/s420x420_jfs/t1/157684/7/22732/137484/61c42415Ecaaf4b77/8e2d280f0be97ef3.jpg','<div class=\"row goods-parameter\"><div class=\"col-sm-12 brand\">品牌： 百医卫仕</div><div class=\"col-sm-3\">商品名称：百医卫仕单只独立包装</div><div class=\"col-sm-3\">商品编号：10021980325305</div><div class=\"col-sm-3\">店铺： 贰仟家大药房旗舰店</div><div class=\"col-sm-3\">商品毛重：200.00g</div><div class=\"col-sm-3\">商品产地：中国大陆</div><div class=\"col-sm-3\">口罩佩戴方式：耳戴式</div><div class=\"col-sm-3\">类别：医用外科口罩</div><div class=\"col-sm-3\">类型：平板式</div><div class=\"col-sm-3\">是否灭菌级：灭菌级</div><div class=\"col-sm-3\">国产/进口：国产</div></div><div class=\"row goods-pictures\"><div class=\"col-sm-12\"><img src=\"https://img10.360buyimg.com/imgzone/jfs/t1/181764/38/18957/92276/6113a3d3Ec8dcba9b/e92848dc7773d454.jpg\" /></div><div class=\"col-sm-12\"><img src=\"http://img30.360buyimg.com/popWareDetail/jfs/t1/160740/40/6931/277831/602e149cE0fd19831/8c040a4e04eae471.gif\" /></div><div class=\"col-sm-12\"><img src=\"http://img30.360buyimg.com/popWareDetail/jfs/t1/167615/10/6751/38277/602e14abE5fa9f165/4a01605ac76da6d8.jpg\" /></div><div class=\"col-sm-12\"><img src=\"http://img30.360buyimg.com/popWareDetail/jfs/t1/155572/19/10285/154847/602e1521Ed445f16b/a18d7c372f393595.jpg\" /></div><div class=\"col-sm-12\"><img src=\"http://img30.360buyimg.com/popWareDetail/jfs/t1/147204/26/16168/918711/5fc2f2a0E77714e5f/2bd729a0052a3dd9.gif\" /></div><div class=\"col-sm-12\"><img src=\"https://img10.360buyimg.com/img zone/jfs/t1/195578/28/5162/170752/60af3cefE8f335e9c/2118218358043621.jpg\" /></div><div class=\"col-sm-12\"><img src=\"http://img30.360buyimg.com/popWareDetail/jfs/t1/144411/15/15140/213299/5fb757ceEe7055a11/7900b0b608fd21f8.jpg\" /></div></div>'),(168,'医用外科口罩100只蓝色 百医卫仕医用外科口罩独立包装灭菌级一次性医用口罩防尘口罩无菌成人挂耳式防细菌飞沫隔离病菌防护口罩',80.00,800,'https://img12.360buyimg.com/seckillcms/s420x420_jfs/t1/157684/7/22732/137484/61c42415Ecaaf4b77/8e2d280f0be97ef3.jpg','<div class=\"row goods-parameter\"><div class=\"col-sm-12 brand\">品牌： 百医卫仕</div><div class=\"col-sm-3\">商品名称：百医卫仕单只独立包装</div><div class=\"col-sm-3\">商品编号：10021980325305</div><div class=\"col-sm-3\">店铺： 贰仟家大药房旗舰店</div><div class=\"col-sm-3\">商品毛重：200.00g</div><div class=\"col-sm-3\">商品产地：中国大陆</div><div class=\"col-sm-3\">口罩佩戴方式：耳戴式</div><div class=\"col-sm-3\">类别：医用外科口罩</div><div class=\"col-sm-3\">类型：平板式</div><div class=\"col-sm-3\">是否灭菌级：灭菌级</div><div class=\"col-sm-3\">国产/进口：国产</div></div><div class=\"row goods-pictures\"><div class=\"col-sm-12\"><img src=\"https://img10.360buyimg.com/imgzone/jfs/t1/181764/38/18957/92276/6113a3d3Ec8dcba9b/e92848dc7773d454.jpg\" /></div><div class=\"col-sm-12\"><img src=\"http://img30.360buyimg.com/popWareDetail/jfs/t1/160740/40/6931/277831/602e149cE0fd19831/8c040a4e04eae471.gif\" /></div><div class=\"col-sm-12\"><img src=\"http://img30.360buyimg.com/popWareDetail/jfs/t1/167615/10/6751/38277/602e14abE5fa9f165/4a01605ac76da6d8.jpg\" /></div><div class=\"col-sm-12\"><img src=\"http://img30.360buyimg.com/popWareDetail/jfs/t1/155572/19/10285/154847/602e1521Ed445f16b/a18d7c372f393595.jpg\" /></div><div class=\"col-sm-12\"><img src=\"http://img30.360buyimg.com/popWareDetail/jfs/t1/147204/26/16168/918711/5fc2f2a0E77714e5f/2bd729a0052a3dd9.gif\" /></div><div class=\"col-sm-12\"><img src=\"https://img10.360buyimg.com/img zone/jfs/t1/195578/28/5162/170752/60af3cefE8f335e9c/2118218358043621.jpg\" /></div><div class=\"col-sm-12\"><img src=\"http://img30.360buyimg.com/popWareDetail/jfs/t1/144411/15/15140/213299/5fb757ceEe7055a11/7900b0b608fd21f8.jpg\" /></div></div>'),(169,'医用外科口罩100只蓝色 百医卫仕医用外科口罩独立包装灭菌级一次性医用口罩防尘口罩无菌成人挂耳式防细菌飞沫隔离病菌防护口罩',90.00,900,'https://img12.360buyimg.com/seckillcms/s420x420_jfs/t1/157684/7/22732/137484/61c42415Ecaaf4b77/8e2d280f0be97ef3.jpg','<div class=\"row goods-parameter\"><div class=\"col-sm-12 brand\">品牌： 百医卫仕</div><div class=\"col-sm-3\">商品名称：百医卫仕单只独立包装</div><div class=\"col-sm-3\">商品编号：10021980325305</div><div class=\"col-sm-3\">店铺： 贰仟家大药房旗舰店</div><div class=\"col-sm-3\">商品毛重：200.00g</div><div class=\"col-sm-3\">商品产地：中国大陆</div><div class=\"col-sm-3\">口罩佩戴方式：耳戴式</div><div class=\"col-sm-3\">类别：医用外科口罩</div><div class=\"col-sm-3\">类型：平板式</div><div class=\"col-sm-3\">是否灭菌级：灭菌级</div><div class=\"col-sm-3\">国产/进口：国产</div></div><div class=\"row goods-pictures\"><div class=\"col-sm-12\"><img src=\"https://img10.360buyimg.com/imgzone/jfs/t1/181764/38/18957/92276/6113a3d3Ec8dcba9b/e92848dc7773d454.jpg\" /></div><div class=\"col-sm-12\"><img src=\"http://img30.360buyimg.com/popWareDetail/jfs/t1/160740/40/6931/277831/602e149cE0fd19831/8c040a4e04eae471.gif\" /></div><div class=\"col-sm-12\"><img src=\"http://img30.360buyimg.com/popWareDetail/jfs/t1/167615/10/6751/38277/602e14abE5fa9f165/4a01605ac76da6d8.jpg\" /></div><div class=\"col-sm-12\"><img src=\"http://img30.360buyimg.com/popWareDetail/jfs/t1/155572/19/10285/154847/602e1521Ed445f16b/a18d7c372f393595.jpg\" /></div><div class=\"col-sm-12\"><img src=\"http://img30.360buyimg.com/popWareDetail/jfs/t1/147204/26/16168/918711/5fc2f2a0E77714e5f/2bd729a0052a3dd9.gif\" /></div><div class=\"col-sm-12\"><img src=\"https://img10.360buyimg.com/img zone/jfs/t1/195578/28/5162/170752/60af3cefE8f335e9c/2118218358043621.jpg\" /></div><div class=\"col-sm-12\"><img src=\"http://img30.360buyimg.com/popWareDetail/jfs/t1/144411/15/15140/213299/5fb757ceEe7055a11/7900b0b608fd21f8.jpg\" /></div></div>'),(170,'医用外科口罩100只蓝色 百医卫仕医用外科口罩独立包装灭菌级一次性医用口罩防尘口罩无菌成人挂耳式防细菌飞沫隔离病菌防护口罩',100.00,1000,'https://img12.360buyimg.com/seckillcms/s420x420_jfs/t1/157684/7/22732/137484/61c42415Ecaaf4b77/8e2d280f0be97ef3.jpg','<div class=\"row goods-parameter\"><div class=\"col-sm-12 brand\">品牌： 百医卫仕</div><div class=\"col-sm-3\">商品名称：百医卫仕单只独立包装</div><div class=\"col-sm-3\">商品编号：10021980325305</div><div class=\"col-sm-3\">店铺： 贰仟家大药房旗舰店</div><div class=\"col-sm-3\">商品毛重：200.00g</div><div class=\"col-sm-3\">商品产地：中国大陆</div><div class=\"col-sm-3\">口罩佩戴方式：耳戴式</div><div class=\"col-sm-3\">类别：医用外科口罩</div><div class=\"col-sm-3\">类型：平板式</div><div class=\"col-sm-3\">是否灭菌级：灭菌级</div><div class=\"col-sm-3\">国产/进口：国产</div></div><div class=\"row goods-pictures\"><div class=\"col-sm-12\"><img src=\"https://img10.360buyimg.com/imgzone/jfs/t1/181764/38/18957/92276/6113a3d3Ec8dcba9b/e92848dc7773d454.jpg\" /></div><div class=\"col-sm-12\"><img src=\"http://img30.360buyimg.com/popWareDetail/jfs/t1/160740/40/6931/277831/602e149cE0fd19831/8c040a4e04eae471.gif\" /></div><div class=\"col-sm-12\"><img src=\"http://img30.360buyimg.com/popWareDetail/jfs/t1/167615/10/6751/38277/602e14abE5fa9f165/4a01605ac76da6d8.jpg\" /></div><div class=\"col-sm-12\"><img src=\"http://img30.360buyimg.com/popWareDetail/jfs/t1/155572/19/10285/154847/602e1521Ed445f16b/a18d7c372f393595.jpg\" /></div><div class=\"col-sm-12\"><img src=\"http://img30.360buyimg.com/popWareDetail/jfs/t1/147204/26/16168/918711/5fc2f2a0E77714e5f/2bd729a0052a3dd9.gif\" /></div><div class=\"col-sm-12\"><img src=\"https://img10.360buyimg.com/img zone/jfs/t1/195578/28/5162/170752/60af3cefE8f335e9c/2118218358043621.jpg\" /></div><div class=\"col-sm-12\"><img src=\"http://img30.360buyimg.com/popWareDetail/jfs/t1/144411/15/15140/213299/5fb757ceEe7055a11/7900b0b608fd21f8.jpg\" /></div></div>'),(171,'医用外科口罩100只蓝色 百医卫仕医用外科口罩独立包装灭菌级一次性医用口罩防尘口罩无菌成人挂耳式防细菌飞沫隔离病菌防护口罩',110.00,1100,'https://img12.360buyimg.com/seckillcms/s420x420_jfs/t1/157684/7/22732/137484/61c42415Ecaaf4b77/8e2d280f0be97ef3.jpg','<div class=\"row goods-parameter\"><div class=\"col-sm-12 brand\">品牌： 百医卫仕</div><div class=\"col-sm-3\">商品名称：百医卫仕单只独立包装</div><div class=\"col-sm-3\">商品编号：10021980325305</div><div class=\"col-sm-3\">店铺： 贰仟家大药房旗舰店</div><div class=\"col-sm-3\">商品毛重：200.00g</div><div class=\"col-sm-3\">商品产地：中国大陆</div><div class=\"col-sm-3\">口罩佩戴方式：耳戴式</div><div class=\"col-sm-3\">类别：医用外科口罩</div><div class=\"col-sm-3\">类型：平板式</div><div class=\"col-sm-3\">是否灭菌级：灭菌级</div><div class=\"col-sm-3\">国产/进口：国产</div></div><div class=\"row goods-pictures\"><div class=\"col-sm-12\"><img src=\"https://img10.360buyimg.com/imgzone/jfs/t1/181764/38/18957/92276/6113a3d3Ec8dcba9b/e92848dc7773d454.jpg\" /></div><div class=\"col-sm-12\"><img src=\"http://img30.360buyimg.com/popWareDetail/jfs/t1/160740/40/6931/277831/602e149cE0fd19831/8c040a4e04eae471.gif\" /></div><div class=\"col-sm-12\"><img src=\"http://img30.360buyimg.com/popWareDetail/jfs/t1/167615/10/6751/38277/602e14abE5fa9f165/4a01605ac76da6d8.jpg\" /></div><div class=\"col-sm-12\"><img src=\"http://img30.360buyimg.com/popWareDetail/jfs/t1/155572/19/10285/154847/602e1521Ed445f16b/a18d7c372f393595.jpg\" /></div><div class=\"col-sm-12\"><img src=\"http://img30.360buyimg.com/popWareDetail/jfs/t1/147204/26/16168/918711/5fc2f2a0E77714e5f/2bd729a0052a3dd9.gif\" /></div><div class=\"col-sm-12\"><img src=\"https://img10.360buyimg.com/img zone/jfs/t1/195578/28/5162/170752/60af3cefE8f335e9c/2118218358043621.jpg\" /></div><div class=\"col-sm-12\"><img src=\"http://img30.360buyimg.com/popWareDetail/jfs/t1/144411/15/15140/213299/5fb757ceEe7055a11/7900b0b608fd21f8.jpg\" /></div></div>'),(172,'医用外科口罩100只蓝色 百医卫仕医用外科口罩独立包装灭菌级一次性医用口罩防尘口罩无菌成人挂耳式防细菌飞沫隔离病菌防护口罩',120.00,1200,'https://img12.360buyimg.com/seckillcms/s420x420_jfs/t1/157684/7/22732/137484/61c42415Ecaaf4b77/8e2d280f0be97ef3.jpg','<div class=\"row goods-parameter\"><div class=\"col-sm-12 brand\">品牌： 百医卫仕</div><div class=\"col-sm-3\">商品名称：百医卫仕单只独立包装</div><div class=\"col-sm-3\">商品编号：10021980325305</div><div class=\"col-sm-3\">店铺： 贰仟家大药房旗舰店</div><div class=\"col-sm-3\">商品毛重：200.00g</div><div class=\"col-sm-3\">商品产地：中国大陆</div><div class=\"col-sm-3\">口罩佩戴方式：耳戴式</div><div class=\"col-sm-3\">类别：医用外科口罩</div><div class=\"col-sm-3\">类型：平板式</div><div class=\"col-sm-3\">是否灭菌级：灭菌级</div><div class=\"col-sm-3\">国产/进口：国产</div></div><div class=\"row goods-pictures\"><div class=\"col-sm-12\"><img src=\"https://img10.360buyimg.com/imgzone/jfs/t1/181764/38/18957/92276/6113a3d3Ec8dcba9b/e92848dc7773d454.jpg\" /></div><div class=\"col-sm-12\"><img src=\"http://img30.360buyimg.com/popWareDetail/jfs/t1/160740/40/6931/277831/602e149cE0fd19831/8c040a4e04eae471.gif\" /></div><div class=\"col-sm-12\"><img src=\"http://img30.360buyimg.com/popWareDetail/jfs/t1/167615/10/6751/38277/602e14abE5fa9f165/4a01605ac76da6d8.jpg\" /></div><div class=\"col-sm-12\"><img src=\"http://img30.360buyimg.com/popWareDetail/jfs/t1/155572/19/10285/154847/602e1521Ed445f16b/a18d7c372f393595.jpg\" /></div><div class=\"col-sm-12\"><img src=\"http://img30.360buyimg.com/popWareDetail/jfs/t1/147204/26/16168/918711/5fc2f2a0E77714e5f/2bd729a0052a3dd9.gif\" /></div><div class=\"col-sm-12\"><img src=\"https://img10.360buyimg.com/img zone/jfs/t1/195578/28/5162/170752/60af3cefE8f335e9c/2118218358043621.jpg\" /></div><div class=\"col-sm-12\"><img src=\"http://img30.360buyimg.com/popWareDetail/jfs/t1/144411/15/15140/213299/5fb757ceEe7055a11/7900b0b608fd21f8.jpg\" /></div></div>'),(173,'医用外科口罩100只蓝色 百医卫仕医用外科口罩独立包装灭菌级一次性医用口罩防尘口罩无菌成人挂耳式防细菌飞沫隔离病菌防护口罩',130.00,1300,'https://img12.360buyimg.com/seckillcms/s420x420_jfs/t1/157684/7/22732/137484/61c42415Ecaaf4b77/8e2d280f0be97ef3.jpg','<div class=\"row goods-parameter\"><div class=\"col-sm-12 brand\">品牌： 百医卫仕</div><div class=\"col-sm-3\">商品名称：百医卫仕单只独立包装</div><div class=\"col-sm-3\">商品编号：10021980325305</div><div class=\"col-sm-3\">店铺： 贰仟家大药房旗舰店</div><div class=\"col-sm-3\">商品毛重：200.00g</div><div class=\"col-sm-3\">商品产地：中国大陆</div><div class=\"col-sm-3\">口罩佩戴方式：耳戴式</div><div class=\"col-sm-3\">类别：医用外科口罩</div><div class=\"col-sm-3\">类型：平板式</div><div class=\"col-sm-3\">是否灭菌级：灭菌级</div><div class=\"col-sm-3\">国产/进口：国产</div></div><div class=\"row goods-pictures\"><div class=\"col-sm-12\"><img src=\"https://img10.360buyimg.com/imgzone/jfs/t1/181764/38/18957/92276/6113a3d3Ec8dcba9b/e92848dc7773d454.jpg\" /></div><div class=\"col-sm-12\"><img src=\"http://img30.360buyimg.com/popWareDetail/jfs/t1/160740/40/6931/277831/602e149cE0fd19831/8c040a4e04eae471.gif\" /></div><div class=\"col-sm-12\"><img src=\"http://img30.360buyimg.com/popWareDetail/jfs/t1/167615/10/6751/38277/602e14abE5fa9f165/4a01605ac76da6d8.jpg\" /></div><div class=\"col-sm-12\"><img src=\"http://img30.360buyimg.com/popWareDetail/jfs/t1/155572/19/10285/154847/602e1521Ed445f16b/a18d7c372f393595.jpg\" /></div><div class=\"col-sm-12\"><img src=\"http://img30.360buyimg.com/popWareDetail/jfs/t1/147204/26/16168/918711/5fc2f2a0E77714e5f/2bd729a0052a3dd9.gif\" /></div><div class=\"col-sm-12\"><img src=\"https://img10.360buyimg.com/img zone/jfs/t1/195578/28/5162/170752/60af3cefE8f335e9c/2118218358043621.jpg\" /></div><div class=\"col-sm-12\"><img src=\"http://img30.360buyimg.com/popWareDetail/jfs/t1/144411/15/15140/213299/5fb757ceEe7055a11/7900b0b608fd21f8.jpg\" /></div></div>'),(174,'医用外科口罩100只蓝色 百医卫仕医用外科口罩独立包装灭菌级一次性医用口罩防尘口罩无菌成人挂耳式防细菌飞沫隔离病菌防护口罩',140.00,1400,'https://img12.360buyimg.com/seckillcms/s420x420_jfs/t1/157684/7/22732/137484/61c42415Ecaaf4b77/8e2d280f0be97ef3.jpg','<div class=\"row goods-parameter\"><div class=\"col-sm-12 brand\">品牌： 百医卫仕</div><div class=\"col-sm-3\">商品名称：百医卫仕单只独立包装</div><div class=\"col-sm-3\">商品编号：10021980325305</div><div class=\"col-sm-3\">店铺： 贰仟家大药房旗舰店</div><div class=\"col-sm-3\">商品毛重：200.00g</div><div class=\"col-sm-3\">商品产地：中国大陆</div><div class=\"col-sm-3\">口罩佩戴方式：耳戴式</div><div class=\"col-sm-3\">类别：医用外科口罩</div><div class=\"col-sm-3\">类型：平板式</div><div class=\"col-sm-3\">是否灭菌级：灭菌级</div><div class=\"col-sm-3\">国产/进口：国产</div></div><div class=\"row goods-pictures\"><div class=\"col-sm-12\"><img src=\"https://img10.360buyimg.com/imgzone/jfs/t1/181764/38/18957/92276/6113a3d3Ec8dcba9b/e92848dc7773d454.jpg\" /></div><div class=\"col-sm-12\"><img src=\"http://img30.360buyimg.com/popWareDetail/jfs/t1/160740/40/6931/277831/602e149cE0fd19831/8c040a4e04eae471.gif\" /></div><div class=\"col-sm-12\"><img src=\"http://img30.360buyimg.com/popWareDetail/jfs/t1/167615/10/6751/38277/602e14abE5fa9f165/4a01605ac76da6d8.jpg\" /></div><div class=\"col-sm-12\"><img src=\"http://img30.360buyimg.com/popWareDetail/jfs/t1/155572/19/10285/154847/602e1521Ed445f16b/a18d7c372f393595.jpg\" /></div><div class=\"col-sm-12\"><img src=\"http://img30.360buyimg.com/popWareDetail/jfs/t1/147204/26/16168/918711/5fc2f2a0E77714e5f/2bd729a0052a3dd9.gif\" /></div><div class=\"col-sm-12\"><img src=\"https://img10.360buyimg.com/img zone/jfs/t1/195578/28/5162/170752/60af3cefE8f335e9c/2118218358043621.jpg\" /></div><div class=\"col-sm-12\"><img src=\"http://img30.360buyimg.com/popWareDetail/jfs/t1/144411/15/15140/213299/5fb757ceEe7055a11/7900b0b608fd21f8.jpg\" /></div></div>'),(175,'医用外科口罩100只蓝色 百医卫仕医用外科口罩独立包装灭菌级一次性医用口罩防尘口罩无菌成人挂耳式防细菌飞沫隔离病菌防护口罩',150.00,1500,'https://img12.360buyimg.com/seckillcms/s420x420_jfs/t1/157684/7/22732/137484/61c42415Ecaaf4b77/8e2d280f0be97ef3.jpg','<div class=\"row goods-parameter\"><div class=\"col-sm-12 brand\">品牌： 百医卫仕</div><div class=\"col-sm-3\">商品名称：百医卫仕单只独立包装</div><div class=\"col-sm-3\">商品编号：10021980325305</div><div class=\"col-sm-3\">店铺： 贰仟家大药房旗舰店</div><div class=\"col-sm-3\">商品毛重：200.00g</div><div class=\"col-sm-3\">商品产地：中国大陆</div><div class=\"col-sm-3\">口罩佩戴方式：耳戴式</div><div class=\"col-sm-3\">类别：医用外科口罩</div><div class=\"col-sm-3\">类型：平板式</div><div class=\"col-sm-3\">是否灭菌级：灭菌级</div><div class=\"col-sm-3\">国产/进口：国产</div></div><div class=\"row goods-pictures\"><div class=\"col-sm-12\"><img src=\"https://img10.360buyimg.com/imgzone/jfs/t1/181764/38/18957/92276/6113a3d3Ec8dcba9b/e92848dc7773d454.jpg\" /></div><div class=\"col-sm-12\"><img src=\"http://img30.360buyimg.com/popWareDetail/jfs/t1/160740/40/6931/277831/602e149cE0fd19831/8c040a4e04eae471.gif\" /></div><div class=\"col-sm-12\"><img src=\"http://img30.360buyimg.com/popWareDetail/jfs/t1/167615/10/6751/38277/602e14abE5fa9f165/4a01605ac76da6d8.jpg\" /></div><div class=\"col-sm-12\"><img src=\"http://img30.360buyimg.com/popWareDetail/jfs/t1/155572/19/10285/154847/602e1521Ed445f16b/a18d7c372f393595.jpg\" /></div><div class=\"col-sm-12\"><img src=\"http://img30.360buyimg.com/popWareDetail/jfs/t1/147204/26/16168/918711/5fc2f2a0E77714e5f/2bd729a0052a3dd9.gif\" /></div><div class=\"col-sm-12\"><img src=\"https://img10.360buyimg.com/img zone/jfs/t1/195578/28/5162/170752/60af3cefE8f335e9c/2118218358043621.jpg\" /></div><div class=\"col-sm-12\"><img src=\"http://img30.360buyimg.com/popWareDetail/jfs/t1/144411/15/15140/213299/5fb757ceEe7055a11/7900b0b608fd21f8.jpg\" /></div></div>'),(176,'医用外科口罩100只蓝色 百医卫仕医用外科口罩独立包装灭菌级一次性医用口罩防尘口罩无菌成人挂耳式防细菌飞沫隔离病菌防护口罩',160.00,1600,'https://img12.360buyimg.com/seckillcms/s420x420_jfs/t1/157684/7/22732/137484/61c42415Ecaaf4b77/8e2d280f0be97ef3.jpg','<div class=\"row goods-parameter\"><div class=\"col-sm-12 brand\">品牌： 百医卫仕</div><div class=\"col-sm-3\">商品名称：百医卫仕单只独立包装</div><div class=\"col-sm-3\">商品编号：10021980325305</div><div class=\"col-sm-3\">店铺： 贰仟家大药房旗舰店</div><div class=\"col-sm-3\">商品毛重：200.00g</div><div class=\"col-sm-3\">商品产地：中国大陆</div><div class=\"col-sm-3\">口罩佩戴方式：耳戴式</div><div class=\"col-sm-3\">类别：医用外科口罩</div><div class=\"col-sm-3\">类型：平板式</div><div class=\"col-sm-3\">是否灭菌级：灭菌级</div><div class=\"col-sm-3\">国产/进口：国产</div></div><div class=\"row goods-pictures\"><div class=\"col-sm-12\"><img src=\"https://img10.360buyimg.com/imgzone/jfs/t1/181764/38/18957/92276/6113a3d3Ec8dcba9b/e92848dc7773d454.jpg\" /></div><div class=\"col-sm-12\"><img src=\"http://img30.360buyimg.com/popWareDetail/jfs/t1/160740/40/6931/277831/602e149cE0fd19831/8c040a4e04eae471.gif\" /></div><div class=\"col-sm-12\"><img src=\"http://img30.360buyimg.com/popWareDetail/jfs/t1/167615/10/6751/38277/602e14abE5fa9f165/4a01605ac76da6d8.jpg\" /></div><div class=\"col-sm-12\"><img src=\"http://img30.360buyimg.com/popWareDetail/jfs/t1/155572/19/10285/154847/602e1521Ed445f16b/a18d7c372f393595.jpg\" /></div><div class=\"col-sm-12\"><img src=\"http://img30.360buyimg.com/popWareDetail/jfs/t1/147204/26/16168/918711/5fc2f2a0E77714e5f/2bd729a0052a3dd9.gif\" /></div><div class=\"col-sm-12\"><img src=\"https://img10.360buyimg.com/img zone/jfs/t1/195578/28/5162/170752/60af3cefE8f335e9c/2118218358043621.jpg\" /></div><div class=\"col-sm-12\"><img src=\"http://img30.360buyimg.com/popWareDetail/jfs/t1/144411/15/15140/213299/5fb757ceEe7055a11/7900b0b608fd21f8.jpg\" /></div></div>'),(177,'医用外科口罩100只蓝色 百医卫仕医用外科口罩独立包装灭菌级一次性医用口罩防尘口罩无菌成人挂耳式防细菌飞沫隔离病菌防护口罩',170.00,1700,'https://img12.360buyimg.com/seckillcms/s420x420_jfs/t1/157684/7/22732/137484/61c42415Ecaaf4b77/8e2d280f0be97ef3.jpg','<div class=\"row goods-parameter\"><div class=\"col-sm-12 brand\">品牌： 百医卫仕</div><div class=\"col-sm-3\">商品名称：百医卫仕单只独立包装</div><div class=\"col-sm-3\">商品编号：10021980325305</div><div class=\"col-sm-3\">店铺： 贰仟家大药房旗舰店</div><div class=\"col-sm-3\">商品毛重：200.00g</div><div class=\"col-sm-3\">商品产地：中国大陆</div><div class=\"col-sm-3\">口罩佩戴方式：耳戴式</div><div class=\"col-sm-3\">类别：医用外科口罩</div><div class=\"col-sm-3\">类型：平板式</div><div class=\"col-sm-3\">是否灭菌级：灭菌级</div><div class=\"col-sm-3\">国产/进口：国产</div></div><div class=\"row goods-pictures\"><div class=\"col-sm-12\"><img src=\"https://img10.360buyimg.com/imgzone/jfs/t1/181764/38/18957/92276/6113a3d3Ec8dcba9b/e92848dc7773d454.jpg\" /></div><div class=\"col-sm-12\"><img src=\"http://img30.360buyimg.com/popWareDetail/jfs/t1/160740/40/6931/277831/602e149cE0fd19831/8c040a4e04eae471.gif\" /></div><div class=\"col-sm-12\"><img src=\"http://img30.360buyimg.com/popWareDetail/jfs/t1/167615/10/6751/38277/602e14abE5fa9f165/4a01605ac76da6d8.jpg\" /></div><div class=\"col-sm-12\"><img src=\"http://img30.360buyimg.com/popWareDetail/jfs/t1/155572/19/10285/154847/602e1521Ed445f16b/a18d7c372f393595.jpg\" /></div><div class=\"col-sm-12\"><img src=\"http://img30.360buyimg.com/popWareDetail/jfs/t1/147204/26/16168/918711/5fc2f2a0E77714e5f/2bd729a0052a3dd9.gif\" /></div><div class=\"col-sm-12\"><img src=\"https://img10.360buyimg.com/img zone/jfs/t1/195578/28/5162/170752/60af3cefE8f335e9c/2118218358043621.jpg\" /></div><div class=\"col-sm-12\"><img src=\"http://img30.360buyimg.com/popWareDetail/jfs/t1/144411/15/15140/213299/5fb757ceEe7055a11/7900b0b608fd21f8.jpg\" /></div></div>'),(178,'医用外科口罩100只蓝色 百医卫仕医用外科口罩独立包装灭菌级一次性医用口罩防尘口罩无菌成人挂耳式防细菌飞沫隔离病菌防护口罩',180.00,1800,'https://img12.360buyimg.com/seckillcms/s420x420_jfs/t1/157684/7/22732/137484/61c42415Ecaaf4b77/8e2d280f0be97ef3.jpg','<div class=\"row goods-parameter\"><div class=\"col-sm-12 brand\">品牌： 百医卫仕</div><div class=\"col-sm-3\">商品名称：百医卫仕单只独立包装</div><div class=\"col-sm-3\">商品编号：10021980325305</div><div class=\"col-sm-3\">店铺： 贰仟家大药房旗舰店</div><div class=\"col-sm-3\">商品毛重：200.00g</div><div class=\"col-sm-3\">商品产地：中国大陆</div><div class=\"col-sm-3\">口罩佩戴方式：耳戴式</div><div class=\"col-sm-3\">类别：医用外科口罩</div><div class=\"col-sm-3\">类型：平板式</div><div class=\"col-sm-3\">是否灭菌级：灭菌级</div><div class=\"col-sm-3\">国产/进口：国产</div></div><div class=\"row goods-pictures\"><div class=\"col-sm-12\"><img src=\"https://img10.360buyimg.com/imgzone/jfs/t1/181764/38/18957/92276/6113a3d3Ec8dcba9b/e92848dc7773d454.jpg\" /></div><div class=\"col-sm-12\"><img src=\"http://img30.360buyimg.com/popWareDetail/jfs/t1/160740/40/6931/277831/602e149cE0fd19831/8c040a4e04eae471.gif\" /></div><div class=\"col-sm-12\"><img src=\"http://img30.360buyimg.com/popWareDetail/jfs/t1/167615/10/6751/38277/602e14abE5fa9f165/4a01605ac76da6d8.jpg\" /></div><div class=\"col-sm-12\"><img src=\"http://img30.360buyimg.com/popWareDetail/jfs/t1/155572/19/10285/154847/602e1521Ed445f16b/a18d7c372f393595.jpg\" /></div><div class=\"col-sm-12\"><img src=\"http://img30.360buyimg.com/popWareDetail/jfs/t1/147204/26/16168/918711/5fc2f2a0E77714e5f/2bd729a0052a3dd9.gif\" /></div><div class=\"col-sm-12\"><img src=\"https://img10.360buyimg.com/img zone/jfs/t1/195578/28/5162/170752/60af3cefE8f335e9c/2118218358043621.jpg\" /></div><div class=\"col-sm-12\"><img src=\"http://img30.360buyimg.com/popWareDetail/jfs/t1/144411/15/15140/213299/5fb757ceEe7055a11/7900b0b608fd21f8.jpg\" /></div></div>'),(179,'医用外科口罩100只蓝色 百医卫仕医用外科口罩独立包装灭菌级一次性医用口罩防尘口罩无菌成人挂耳式防细菌飞沫隔离病菌防护口罩',190.00,1900,'https://img12.360buyimg.com/seckillcms/s420x420_jfs/t1/157684/7/22732/137484/61c42415Ecaaf4b77/8e2d280f0be97ef3.jpg','<div class=\"row goods-parameter\"><div class=\"col-sm-12 brand\">品牌： 百医卫仕</div><div class=\"col-sm-3\">商品名称：百医卫仕单只独立包装</div><div class=\"col-sm-3\">商品编号：10021980325305</div><div class=\"col-sm-3\">店铺： 贰仟家大药房旗舰店</div><div class=\"col-sm-3\">商品毛重：200.00g</div><div class=\"col-sm-3\">商品产地：中国大陆</div><div class=\"col-sm-3\">口罩佩戴方式：耳戴式</div><div class=\"col-sm-3\">类别：医用外科口罩</div><div class=\"col-sm-3\">类型：平板式</div><div class=\"col-sm-3\">是否灭菌级：灭菌级</div><div class=\"col-sm-3\">国产/进口：国产</div></div><div class=\"row goods-pictures\"><div class=\"col-sm-12\"><img src=\"https://img10.360buyimg.com/imgzone/jfs/t1/181764/38/18957/92276/6113a3d3Ec8dcba9b/e92848dc7773d454.jpg\" /></div><div class=\"col-sm-12\"><img src=\"http://img30.360buyimg.com/popWareDetail/jfs/t1/160740/40/6931/277831/602e149cE0fd19831/8c040a4e04eae471.gif\" /></div><div class=\"col-sm-12\"><img src=\"http://img30.360buyimg.com/popWareDetail/jfs/t1/167615/10/6751/38277/602e14abE5fa9f165/4a01605ac76da6d8.jpg\" /></div><div class=\"col-sm-12\"><img src=\"http://img30.360buyimg.com/popWareDetail/jfs/t1/155572/19/10285/154847/602e1521Ed445f16b/a18d7c372f393595.jpg\" /></div><div class=\"col-sm-12\"><img src=\"http://img30.360buyimg.com/popWareDetail/jfs/t1/147204/26/16168/918711/5fc2f2a0E77714e5f/2bd729a0052a3dd9.gif\" /></div><div class=\"col-sm-12\"><img src=\"https://img10.360buyimg.com/img zone/jfs/t1/195578/28/5162/170752/60af3cefE8f335e9c/2118218358043621.jpg\" /></div><div class=\"col-sm-12\"><img src=\"http://img30.360buyimg.com/popWareDetail/jfs/t1/144411/15/15140/213299/5fb757ceEe7055a11/7900b0b608fd21f8.jpg\" /></div></div>'),(180,'医用外科口罩100只蓝色 百医卫仕医用外科口罩独立包装灭菌级一次性医用口罩防尘口罩无菌成人挂耳式防细菌飞沫隔离病菌防护口罩',200.00,2000,'https://img12.360buyimg.com/seckillcms/s420x420_jfs/t1/157684/7/22732/137484/61c42415Ecaaf4b77/8e2d280f0be97ef3.jpg','<div class=\"row goods-parameter\"><div class=\"col-sm-12 brand\">品牌： 百医卫仕</div><div class=\"col-sm-3\">商品名称：百医卫仕单只独立包装</div><div class=\"col-sm-3\">商品编号：10021980325305</div><div class=\"col-sm-3\">店铺： 贰仟家大药房旗舰店</div><div class=\"col-sm-3\">商品毛重：200.00g</div><div class=\"col-sm-3\">商品产地：中国大陆</div><div class=\"col-sm-3\">口罩佩戴方式：耳戴式</div><div class=\"col-sm-3\">类别：医用外科口罩</div><div class=\"col-sm-3\">类型：平板式</div><div class=\"col-sm-3\">是否灭菌级：灭菌级</div><div class=\"col-sm-3\">国产/进口：国产</div></div><div class=\"row goods-pictures\"><div class=\"col-sm-12\"><img src=\"https://img10.360buyimg.com/imgzone/jfs/t1/181764/38/18957/92276/6113a3d3Ec8dcba9b/e92848dc7773d454.jpg\" /></div><div class=\"col-sm-12\"><img src=\"http://img30.360buyimg.com/popWareDetail/jfs/t1/160740/40/6931/277831/602e149cE0fd19831/8c040a4e04eae471.gif\" /></div><div class=\"col-sm-12\"><img src=\"http://img30.360buyimg.com/popWareDetail/jfs/t1/167615/10/6751/38277/602e14abE5fa9f165/4a01605ac76da6d8.jpg\" /></div><div class=\"col-sm-12\"><img src=\"http://img30.360buyimg.com/popWareDetail/jfs/t1/155572/19/10285/154847/602e1521Ed445f16b/a18d7c372f393595.jpg\" /></div><div class=\"col-sm-12\"><img src=\"http://img30.360buyimg.com/popWareDetail/jfs/t1/147204/26/16168/918711/5fc2f2a0E77714e5f/2bd729a0052a3dd9.gif\" /></div><div class=\"col-sm-12\"><img src=\"https://img10.360buyimg.com/img zone/jfs/t1/195578/28/5162/170752/60af3cefE8f335e9c/2118218358043621.jpg\" /></div><div class=\"col-sm-12\"><img src=\"http://img30.360buyimg.com/popWareDetail/jfs/t1/144411/15/15140/213299/5fb757ceEe7055a11/7900b0b608fd21f8.jpg\" /></div></div>'),(181,'医用外科口罩100只蓝色 百医卫仕医用外科口罩独立包装灭菌级一次性医用口罩防尘口罩无菌成人挂耳式防细菌飞沫隔离病菌防护口罩',210.00,2100,'https://img12.360buyimg.com/seckillcms/s420x420_jfs/t1/157684/7/22732/137484/61c42415Ecaaf4b77/8e2d280f0be97ef3.jpg','<div class=\"row goods-parameter\"><div class=\"col-sm-12 brand\">品牌： 百医卫仕</div><div class=\"col-sm-3\">商品名称：百医卫仕单只独立包装</div><div class=\"col-sm-3\">商品编号：10021980325305</div><div class=\"col-sm-3\">店铺： 贰仟家大药房旗舰店</div><div class=\"col-sm-3\">商品毛重：200.00g</div><div class=\"col-sm-3\">商品产地：中国大陆</div><div class=\"col-sm-3\">口罩佩戴方式：耳戴式</div><div class=\"col-sm-3\">类别：医用外科口罩</div><div class=\"col-sm-3\">类型：平板式</div><div class=\"col-sm-3\">是否灭菌级：灭菌级</div><div class=\"col-sm-3\">国产/进口：国产</div></div><div class=\"row goods-pictures\"><div class=\"col-sm-12\"><img src=\"https://img10.360buyimg.com/imgzone/jfs/t1/181764/38/18957/92276/6113a3d3Ec8dcba9b/e92848dc7773d454.jpg\" /></div><div class=\"col-sm-12\"><img src=\"http://img30.360buyimg.com/popWareDetail/jfs/t1/160740/40/6931/277831/602e149cE0fd19831/8c040a4e04eae471.gif\" /></div><div class=\"col-sm-12\"><img src=\"http://img30.360buyimg.com/popWareDetail/jfs/t1/167615/10/6751/38277/602e14abE5fa9f165/4a01605ac76da6d8.jpg\" /></div><div class=\"col-sm-12\"><img src=\"http://img30.360buyimg.com/popWareDetail/jfs/t1/155572/19/10285/154847/602e1521Ed445f16b/a18d7c372f393595.jpg\" /></div><div class=\"col-sm-12\"><img src=\"http://img30.360buyimg.com/popWareDetail/jfs/t1/147204/26/16168/918711/5fc2f2a0E77714e5f/2bd729a0052a3dd9.gif\" /></div><div class=\"col-sm-12\"><img src=\"https://img10.360buyimg.com/img zone/jfs/t1/195578/28/5162/170752/60af3cefE8f335e9c/2118218358043621.jpg\" /></div><div class=\"col-sm-12\"><img src=\"http://img30.360buyimg.com/popWareDetail/jfs/t1/144411/15/15140/213299/5fb757ceEe7055a11/7900b0b608fd21f8.jpg\" /></div></div>'),(182,'医用外科口罩100只蓝色 百医卫仕医用外科口罩独立包装灭菌级一次性医用口罩防尘口罩无菌成人挂耳式防细菌飞沫隔离病菌防护口罩',220.00,2200,'https://img12.360buyimg.com/seckillcms/s420x420_jfs/t1/157684/7/22732/137484/61c42415Ecaaf4b77/8e2d280f0be97ef3.jpg','<div class=\"row goods-parameter\"><div class=\"col-sm-12 brand\">品牌： 百医卫仕</div><div class=\"col-sm-3\">商品名称：百医卫仕单只独立包装</div><div class=\"col-sm-3\">商品编号：10021980325305</div><div class=\"col-sm-3\">店铺： 贰仟家大药房旗舰店</div><div class=\"col-sm-3\">商品毛重：200.00g</div><div class=\"col-sm-3\">商品产地：中国大陆</div><div class=\"col-sm-3\">口罩佩戴方式：耳戴式</div><div class=\"col-sm-3\">类别：医用外科口罩</div><div class=\"col-sm-3\">类型：平板式</div><div class=\"col-sm-3\">是否灭菌级：灭菌级</div><div class=\"col-sm-3\">国产/进口：国产</div></div><div class=\"row goods-pictures\"><div class=\"col-sm-12\"><img src=\"https://img10.360buyimg.com/imgzone/jfs/t1/181764/38/18957/92276/6113a3d3Ec8dcba9b/e92848dc7773d454.jpg\" /></div><div class=\"col-sm-12\"><img src=\"http://img30.360buyimg.com/popWareDetail/jfs/t1/160740/40/6931/277831/602e149cE0fd19831/8c040a4e04eae471.gif\" /></div><div class=\"col-sm-12\"><img src=\"http://img30.360buyimg.com/popWareDetail/jfs/t1/167615/10/6751/38277/602e14abE5fa9f165/4a01605ac76da6d8.jpg\" /></div><div class=\"col-sm-12\"><img src=\"http://img30.360buyimg.com/popWareDetail/jfs/t1/155572/19/10285/154847/602e1521Ed445f16b/a18d7c372f393595.jpg\" /></div><div class=\"col-sm-12\"><img src=\"http://img30.360buyimg.com/popWareDetail/jfs/t1/147204/26/16168/918711/5fc2f2a0E77714e5f/2bd729a0052a3dd9.gif\" /></div><div class=\"col-sm-12\"><img src=\"https://img10.360buyimg.com/img zone/jfs/t1/195578/28/5162/170752/60af3cefE8f335e9c/2118218358043621.jpg\" /></div><div class=\"col-sm-12\"><img src=\"http://img30.360buyimg.com/popWareDetail/jfs/t1/144411/15/15140/213299/5fb757ceEe7055a11/7900b0b608fd21f8.jpg\" /></div></div>'),(183,'医用外科口罩100只蓝色 百医卫仕医用外科口罩独立包装灭菌级一次性医用口罩防尘口罩无菌成人挂耳式防细菌飞沫隔离病菌防护口罩',230.00,2300,'https://img12.360buyimg.com/seckillcms/s420x420_jfs/t1/157684/7/22732/137484/61c42415Ecaaf4b77/8e2d280f0be97ef3.jpg','<div class=\"row goods-parameter\"><div class=\"col-sm-12 brand\">品牌： 百医卫仕</div><div class=\"col-sm-3\">商品名称：百医卫仕单只独立包装</div><div class=\"col-sm-3\">商品编号：10021980325305</div><div class=\"col-sm-3\">店铺： 贰仟家大药房旗舰店</div><div class=\"col-sm-3\">商品毛重：200.00g</div><div class=\"col-sm-3\">商品产地：中国大陆</div><div class=\"col-sm-3\">口罩佩戴方式：耳戴式</div><div class=\"col-sm-3\">类别：医用外科口罩</div><div class=\"col-sm-3\">类型：平板式</div><div class=\"col-sm-3\">是否灭菌级：灭菌级</div><div class=\"col-sm-3\">国产/进口：国产</div></div><div class=\"row goods-pictures\"><div class=\"col-sm-12\"><img src=\"https://img10.360buyimg.com/imgzone/jfs/t1/181764/38/18957/92276/6113a3d3Ec8dcba9b/e92848dc7773d454.jpg\" /></div><div class=\"col-sm-12\"><img src=\"http://img30.360buyimg.com/popWareDetail/jfs/t1/160740/40/6931/277831/602e149cE0fd19831/8c040a4e04eae471.gif\" /></div><div class=\"col-sm-12\"><img src=\"http://img30.360buyimg.com/popWareDetail/jfs/t1/167615/10/6751/38277/602e14abE5fa9f165/4a01605ac76da6d8.jpg\" /></div><div class=\"col-sm-12\"><img src=\"http://img30.360buyimg.com/popWareDetail/jfs/t1/155572/19/10285/154847/602e1521Ed445f16b/a18d7c372f393595.jpg\" /></div><div class=\"col-sm-12\"><img src=\"http://img30.360buyimg.com/popWareDetail/jfs/t1/147204/26/16168/918711/5fc2f2a0E77714e5f/2bd729a0052a3dd9.gif\" /></div><div class=\"col-sm-12\"><img src=\"https://img10.360buyimg.com/img zone/jfs/t1/195578/28/5162/170752/60af3cefE8f335e9c/2118218358043621.jpg\" /></div><div class=\"col-sm-12\"><img src=\"http://img30.360buyimg.com/popWareDetail/jfs/t1/144411/15/15140/213299/5fb757ceEe7055a11/7900b0b608fd21f8.jpg\" /></div></div>'),(184,'医用外科口罩100只蓝色 百医卫仕医用外科口罩独立包装灭菌级一次性医用口罩防尘口罩无菌成人挂耳式防细菌飞沫隔离病菌防护口罩',240.00,2400,'https://img12.360buyimg.com/seckillcms/s420x420_jfs/t1/157684/7/22732/137484/61c42415Ecaaf4b77/8e2d280f0be97ef3.jpg','<div class=\"row goods-parameter\"><div class=\"col-sm-12 brand\">品牌： 百医卫仕</div><div class=\"col-sm-3\">商品名称：百医卫仕单只独立包装</div><div class=\"col-sm-3\">商品编号：10021980325305</div><div class=\"col-sm-3\">店铺： 贰仟家大药房旗舰店</div><div class=\"col-sm-3\">商品毛重：200.00g</div><div class=\"col-sm-3\">商品产地：中国大陆</div><div class=\"col-sm-3\">口罩佩戴方式：耳戴式</div><div class=\"col-sm-3\">类别：医用外科口罩</div><div class=\"col-sm-3\">类型：平板式</div><div class=\"col-sm-3\">是否灭菌级：灭菌级</div><div class=\"col-sm-3\">国产/进口：国产</div></div><div class=\"row goods-pictures\"><div class=\"col-sm-12\"><img src=\"https://img10.360buyimg.com/imgzone/jfs/t1/181764/38/18957/92276/6113a3d3Ec8dcba9b/e92848dc7773d454.jpg\" /></div><div class=\"col-sm-12\"><img src=\"http://img30.360buyimg.com/popWareDetail/jfs/t1/160740/40/6931/277831/602e149cE0fd19831/8c040a4e04eae471.gif\" /></div><div class=\"col-sm-12\"><img src=\"http://img30.360buyimg.com/popWareDetail/jfs/t1/167615/10/6751/38277/602e14abE5fa9f165/4a01605ac76da6d8.jpg\" /></div><div class=\"col-sm-12\"><img src=\"http://img30.360buyimg.com/popWareDetail/jfs/t1/155572/19/10285/154847/602e1521Ed445f16b/a18d7c372f393595.jpg\" /></div><div class=\"col-sm-12\"><img src=\"http://img30.360buyimg.com/popWareDetail/jfs/t1/147204/26/16168/918711/5fc2f2a0E77714e5f/2bd729a0052a3dd9.gif\" /></div><div class=\"col-sm-12\"><img src=\"https://img10.360buyimg.com/img zone/jfs/t1/195578/28/5162/170752/60af3cefE8f335e9c/2118218358043621.jpg\" /></div><div class=\"col-sm-12\"><img src=\"http://img30.360buyimg.com/popWareDetail/jfs/t1/144411/15/15140/213299/5fb757ceEe7055a11/7900b0b608fd21f8.jpg\" /></div></div>'),(185,'医用外科口罩100只蓝色 百医卫仕医用外科口罩独立包装灭菌级一次性医用口罩防尘口罩无菌成人挂耳式防细菌飞沫隔离病菌防护口罩',250.00,2500,'https://img12.360buyimg.com/seckillcms/s420x420_jfs/t1/157684/7/22732/137484/61c42415Ecaaf4b77/8e2d280f0be97ef3.jpg','<div class=\"row goods-parameter\"><div class=\"col-sm-12 brand\">品牌： 百医卫仕</div><div class=\"col-sm-3\">商品名称：百医卫仕单只独立包装</div><div class=\"col-sm-3\">商品编号：10021980325305</div><div class=\"col-sm-3\">店铺： 贰仟家大药房旗舰店</div><div class=\"col-sm-3\">商品毛重：200.00g</div><div class=\"col-sm-3\">商品产地：中国大陆</div><div class=\"col-sm-3\">口罩佩戴方式：耳戴式</div><div class=\"col-sm-3\">类别：医用外科口罩</div><div class=\"col-sm-3\">类型：平板式</div><div class=\"col-sm-3\">是否灭菌级：灭菌级</div><div class=\"col-sm-3\">国产/进口：国产</div></div><div class=\"row goods-pictures\"><div class=\"col-sm-12\"><img src=\"https://img10.360buyimg.com/imgzone/jfs/t1/181764/38/18957/92276/6113a3d3Ec8dcba9b/e92848dc7773d454.jpg\" /></div><div class=\"col-sm-12\"><img src=\"http://img30.360buyimg.com/popWareDetail/jfs/t1/160740/40/6931/277831/602e149cE0fd19831/8c040a4e04eae471.gif\" /></div><div class=\"col-sm-12\"><img src=\"http://img30.360buyimg.com/popWareDetail/jfs/t1/167615/10/6751/38277/602e14abE5fa9f165/4a01605ac76da6d8.jpg\" /></div><div class=\"col-sm-12\"><img src=\"http://img30.360buyimg.com/popWareDetail/jfs/t1/155572/19/10285/154847/602e1521Ed445f16b/a18d7c372f393595.jpg\" /></div><div class=\"col-sm-12\"><img src=\"http://img30.360buyimg.com/popWareDetail/jfs/t1/147204/26/16168/918711/5fc2f2a0E77714e5f/2bd729a0052a3dd9.gif\" /></div><div class=\"col-sm-12\"><img src=\"https://img10.360buyimg.com/img zone/jfs/t1/195578/28/5162/170752/60af3cefE8f335e9c/2118218358043621.jpg\" /></div><div class=\"col-sm-12\"><img src=\"http://img30.360buyimg.com/popWareDetail/jfs/t1/144411/15/15140/213299/5fb757ceEe7055a11/7900b0b608fd21f8.jpg\" /></div></div>'),(186,'医用外科口罩100只蓝色 百医卫仕医用外科口罩独立包装灭菌级一次性医用口罩防尘口罩无菌成人挂耳式防细菌飞沫隔离病菌防护口罩',260.00,2600,'https://img12.360buyimg.com/seckillcms/s420x420_jfs/t1/157684/7/22732/137484/61c42415Ecaaf4b77/8e2d280f0be97ef3.jpg','<div class=\"row goods-parameter\"><div class=\"col-sm-12 brand\">品牌： 百医卫仕</div><div class=\"col-sm-3\">商品名称：百医卫仕单只独立包装</div><div class=\"col-sm-3\">商品编号：10021980325305</div><div class=\"col-sm-3\">店铺： 贰仟家大药房旗舰店</div><div class=\"col-sm-3\">商品毛重：200.00g</div><div class=\"col-sm-3\">商品产地：中国大陆</div><div class=\"col-sm-3\">口罩佩戴方式：耳戴式</div><div class=\"col-sm-3\">类别：医用外科口罩</div><div class=\"col-sm-3\">类型：平板式</div><div class=\"col-sm-3\">是否灭菌级：灭菌级</div><div class=\"col-sm-3\">国产/进口：国产</div></div><div class=\"row goods-pictures\"><div class=\"col-sm-12\"><img src=\"https://img10.360buyimg.com/imgzone/jfs/t1/181764/38/18957/92276/6113a3d3Ec8dcba9b/e92848dc7773d454.jpg\" /></div><div class=\"col-sm-12\"><img src=\"http://img30.360buyimg.com/popWareDetail/jfs/t1/160740/40/6931/277831/602e149cE0fd19831/8c040a4e04eae471.gif\" /></div><div class=\"col-sm-12\"><img src=\"http://img30.360buyimg.com/popWareDetail/jfs/t1/167615/10/6751/38277/602e14abE5fa9f165/4a01605ac76da6d8.jpg\" /></div><div class=\"col-sm-12\"><img src=\"http://img30.360buyimg.com/popWareDetail/jfs/t1/155572/19/10285/154847/602e1521Ed445f16b/a18d7c372f393595.jpg\" /></div><div class=\"col-sm-12\"><img src=\"http://img30.360buyimg.com/popWareDetail/jfs/t1/147204/26/16168/918711/5fc2f2a0E77714e5f/2bd729a0052a3dd9.gif\" /></div><div class=\"col-sm-12\"><img src=\"https://img10.360buyimg.com/img zone/jfs/t1/195578/28/5162/170752/60af3cefE8f335e9c/2118218358043621.jpg\" /></div><div class=\"col-sm-12\"><img src=\"http://img30.360buyimg.com/popWareDetail/jfs/t1/144411/15/15140/213299/5fb757ceEe7055a11/7900b0b608fd21f8.jpg\" /></div></div>'),(187,'医用外科口罩100只蓝色 百医卫仕医用外科口罩独立包装灭菌级一次性医用口罩防尘口罩无菌成人挂耳式防细菌飞沫隔离病菌防护口罩',270.00,2700,'https://img12.360buyimg.com/seckillcms/s420x420_jfs/t1/157684/7/22732/137484/61c42415Ecaaf4b77/8e2d280f0be97ef3.jpg','<div class=\"row goods-parameter\"><div class=\"col-sm-12 brand\">品牌： 百医卫仕</div><div class=\"col-sm-3\">商品名称：百医卫仕单只独立包装</div><div class=\"col-sm-3\">商品编号：10021980325305</div><div class=\"col-sm-3\">店铺： 贰仟家大药房旗舰店</div><div class=\"col-sm-3\">商品毛重：200.00g</div><div class=\"col-sm-3\">商品产地：中国大陆</div><div class=\"col-sm-3\">口罩佩戴方式：耳戴式</div><div class=\"col-sm-3\">类别：医用外科口罩</div><div class=\"col-sm-3\">类型：平板式</div><div class=\"col-sm-3\">是否灭菌级：灭菌级</div><div class=\"col-sm-3\">国产/进口：国产</div></div><div class=\"row goods-pictures\"><div class=\"col-sm-12\"><img src=\"https://img10.360buyimg.com/imgzone/jfs/t1/181764/38/18957/92276/6113a3d3Ec8dcba9b/e92848dc7773d454.jpg\" /></div><div class=\"col-sm-12\"><img src=\"http://img30.360buyimg.com/popWareDetail/jfs/t1/160740/40/6931/277831/602e149cE0fd19831/8c040a4e04eae471.gif\" /></div><div class=\"col-sm-12\"><img src=\"http://img30.360buyimg.com/popWareDetail/jfs/t1/167615/10/6751/38277/602e14abE5fa9f165/4a01605ac76da6d8.jpg\" /></div><div class=\"col-sm-12\"><img src=\"http://img30.360buyimg.com/popWareDetail/jfs/t1/155572/19/10285/154847/602e1521Ed445f16b/a18d7c372f393595.jpg\" /></div><div class=\"col-sm-12\"><img src=\"http://img30.360buyimg.com/popWareDetail/jfs/t1/147204/26/16168/918711/5fc2f2a0E77714e5f/2bd729a0052a3dd9.gif\" /></div><div class=\"col-sm-12\"><img src=\"https://img10.360buyimg.com/img zone/jfs/t1/195578/28/5162/170752/60af3cefE8f335e9c/2118218358043621.jpg\" /></div><div class=\"col-sm-12\"><img src=\"http://img30.360buyimg.com/popWareDetail/jfs/t1/144411/15/15140/213299/5fb757ceEe7055a11/7900b0b608fd21f8.jpg\" /></div></div>'),(188,'医用外科口罩100只蓝色 百医卫仕医用外科口罩独立包装灭菌级一次性医用口罩防尘口罩无菌成人挂耳式防细菌飞沫隔离病菌防护口罩',280.00,2800,'https://img12.360buyimg.com/seckillcms/s420x420_jfs/t1/157684/7/22732/137484/61c42415Ecaaf4b77/8e2d280f0be97ef3.jpg','<div class=\"row goods-parameter\"><div class=\"col-sm-12 brand\">品牌： 百医卫仕</div><div class=\"col-sm-3\">商品名称：百医卫仕单只独立包装</div><div class=\"col-sm-3\">商品编号：10021980325305</div><div class=\"col-sm-3\">店铺： 贰仟家大药房旗舰店</div><div class=\"col-sm-3\">商品毛重：200.00g</div><div class=\"col-sm-3\">商品产地：中国大陆</div><div class=\"col-sm-3\">口罩佩戴方式：耳戴式</div><div class=\"col-sm-3\">类别：医用外科口罩</div><div class=\"col-sm-3\">类型：平板式</div><div class=\"col-sm-3\">是否灭菌级：灭菌级</div><div class=\"col-sm-3\">国产/进口：国产</div></div><div class=\"row goods-pictures\"><div class=\"col-sm-12\"><img src=\"https://img10.360buyimg.com/imgzone/jfs/t1/181764/38/18957/92276/6113a3d3Ec8dcba9b/e92848dc7773d454.jpg\" /></div><div class=\"col-sm-12\"><img src=\"http://img30.360buyimg.com/popWareDetail/jfs/t1/160740/40/6931/277831/602e149cE0fd19831/8c040a4e04eae471.gif\" /></div><div class=\"col-sm-12\"><img src=\"http://img30.360buyimg.com/popWareDetail/jfs/t1/167615/10/6751/38277/602e14abE5fa9f165/4a01605ac76da6d8.jpg\" /></div><div class=\"col-sm-12\"><img src=\"http://img30.360buyimg.com/popWareDetail/jfs/t1/155572/19/10285/154847/602e1521Ed445f16b/a18d7c372f393595.jpg\" /></div><div class=\"col-sm-12\"><img src=\"http://img30.360buyimg.com/popWareDetail/jfs/t1/147204/26/16168/918711/5fc2f2a0E77714e5f/2bd729a0052a3dd9.gif\" /></div><div class=\"col-sm-12\"><img src=\"https://img10.360buyimg.com/img zone/jfs/t1/195578/28/5162/170752/60af3cefE8f335e9c/2118218358043621.jpg\" /></div><div class=\"col-sm-12\"><img src=\"http://img30.360buyimg.com/popWareDetail/jfs/t1/144411/15/15140/213299/5fb757ceEe7055a11/7900b0b608fd21f8.jpg\" /></div></div>'),(189,'医用外科口罩100只蓝色 百医卫仕医用外科口罩独立包装灭菌级一次性医用口罩防尘口罩无菌成人挂耳式防细菌飞沫隔离病菌防护口罩',290.00,2900,'https://img12.360buyimg.com/seckillcms/s420x420_jfs/t1/157684/7/22732/137484/61c42415Ecaaf4b77/8e2d280f0be97ef3.jpg','<div class=\"row goods-parameter\"><div class=\"col-sm-12 brand\">品牌： 百医卫仕</div><div class=\"col-sm-3\">商品名称：百医卫仕单只独立包装</div><div class=\"col-sm-3\">商品编号：10021980325305</div><div class=\"col-sm-3\">店铺： 贰仟家大药房旗舰店</div><div class=\"col-sm-3\">商品毛重：200.00g</div><div class=\"col-sm-3\">商品产地：中国大陆</div><div class=\"col-sm-3\">口罩佩戴方式：耳戴式</div><div class=\"col-sm-3\">类别：医用外科口罩</div><div class=\"col-sm-3\">类型：平板式</div><div class=\"col-sm-3\">是否灭菌级：灭菌级</div><div class=\"col-sm-3\">国产/进口：国产</div></div><div class=\"row goods-pictures\"><div class=\"col-sm-12\"><img src=\"https://img10.360buyimg.com/imgzone/jfs/t1/181764/38/18957/92276/6113a3d3Ec8dcba9b/e92848dc7773d454.jpg\" /></div><div class=\"col-sm-12\"><img src=\"http://img30.360buyimg.com/popWareDetail/jfs/t1/160740/40/6931/277831/602e149cE0fd19831/8c040a4e04eae471.gif\" /></div><div class=\"col-sm-12\"><img src=\"http://img30.360buyimg.com/popWareDetail/jfs/t1/167615/10/6751/38277/602e14abE5fa9f165/4a01605ac76da6d8.jpg\" /></div><div class=\"col-sm-12\"><img src=\"http://img30.360buyimg.com/popWareDetail/jfs/t1/155572/19/10285/154847/602e1521Ed445f16b/a18d7c372f393595.jpg\" /></div><div class=\"col-sm-12\"><img src=\"http://img30.360buyimg.com/popWareDetail/jfs/t1/147204/26/16168/918711/5fc2f2a0E77714e5f/2bd729a0052a3dd9.gif\" /></div><div class=\"col-sm-12\"><img src=\"https://img10.360buyimg.com/img zone/jfs/t1/195578/28/5162/170752/60af3cefE8f335e9c/2118218358043621.jpg\" /></div><div class=\"col-sm-12\"><img src=\"http://img30.360buyimg.com/popWareDetail/jfs/t1/144411/15/15140/213299/5fb757ceEe7055a11/7900b0b608fd21f8.jpg\" /></div></div>'),(190,'医用外科口罩100只蓝色 百医卫仕医用外科口罩独立包装灭菌级一次性医用口罩防尘口罩无菌成人挂耳式防细菌飞沫隔离病菌防护口罩',300.00,3000,'https://img12.360buyimg.com/seckillcms/s420x420_jfs/t1/157684/7/22732/137484/61c42415Ecaaf4b77/8e2d280f0be97ef3.jpg','<div class=\"row goods-parameter\"><div class=\"col-sm-12 brand\">品牌： 百医卫仕</div><div class=\"col-sm-3\">商品名称：百医卫仕单只独立包装</div><div class=\"col-sm-3\">商品编号：10021980325305</div><div class=\"col-sm-3\">店铺： 贰仟家大药房旗舰店</div><div class=\"col-sm-3\">商品毛重：200.00g</div><div class=\"col-sm-3\">商品产地：中国大陆</div><div class=\"col-sm-3\">口罩佩戴方式：耳戴式</div><div class=\"col-sm-3\">类别：医用外科口罩</div><div class=\"col-sm-3\">类型：平板式</div><div class=\"col-sm-3\">是否灭菌级：灭菌级</div><div class=\"col-sm-3\">国产/进口：国产</div></div><div class=\"row goods-pictures\"><div class=\"col-sm-12\"><img src=\"https://img10.360buyimg.com/imgzone/jfs/t1/181764/38/18957/92276/6113a3d3Ec8dcba9b/e92848dc7773d454.jpg\" /></div><div class=\"col-sm-12\"><img src=\"http://img30.360buyimg.com/popWareDetail/jfs/t1/160740/40/6931/277831/602e149cE0fd19831/8c040a4e04eae471.gif\" /></div><div class=\"col-sm-12\"><img src=\"http://img30.360buyimg.com/popWareDetail/jfs/t1/167615/10/6751/38277/602e14abE5fa9f165/4a01605ac76da6d8.jpg\" /></div><div class=\"col-sm-12\"><img src=\"http://img30.360buyimg.com/popWareDetail/jfs/t1/155572/19/10285/154847/602e1521Ed445f16b/a18d7c372f393595.jpg\" /></div><div class=\"col-sm-12\"><img src=\"http://img30.360buyimg.com/popWareDetail/jfs/t1/147204/26/16168/918711/5fc2f2a0E77714e5f/2bd729a0052a3dd9.gif\" /></div><div class=\"col-sm-12\"><img src=\"https://img10.360buyimg.com/img zone/jfs/t1/195578/28/5162/170752/60af3cefE8f335e9c/2118218358043621.jpg\" /></div><div class=\"col-sm-12\"><img src=\"http://img30.360buyimg.com/popWareDetail/jfs/t1/144411/15/15140/213299/5fb757ceEe7055a11/7900b0b608fd21f8.jpg\" /></div></div>');
/*!40000 ALTER TABLE `item` ENABLE KEYS */;
UNLOCK TABLES;

--
-- Table structure for table `item_stock`
--

DROP TABLE IF EXISTS `item_stock`;
/*!40101 SET @saved_cs_client     = @@character_set_client */;
/*!50503 SET character_set_client = utf8mb4 */;
CREATE TABLE `item_stock` (
  `id` int(11) NOT NULL AUTO_INCREMENT COMMENT 'ID',
  `item_id` int(11) NOT NULL DEFAULT '0' COMMENT '商品ID',
  `stock` int(11) NOT NULL DEFAULT '0' COMMENT '库存',
  PRIMARY KEY (`id`),
  UNIQUE KEY `item_id_UNIQUE` (`item_id`)
) ENGINE=InnoDB AUTO_INCREMENT=186 DEFAULT CHARSET=utf8;
/*!40101 SET character_set_client = @saved_cs_client */;

--
-- Dumping data for table `item_stock`
--

LOCK TABLES `item_stock` WRITE;
/*!40000 ALTER TABLE `item_stock` DISABLE KEYS */;
INSERT INTO `item_stock` VALUES (156,161,20),(157,162,36),(158,163,60),(159,164,80),(160,165,100),(161,166,120),(162,167,140),(163,168,160),(164,169,180),(165,170,200),(166,171,220),(167,172,240),(168,173,260),(169,174,280),(170,175,300),(171,176,320),(172,177,340),(173,178,360),(174,179,380),(175,180,400),(176,181,420),(177,182,440),(178,183,460),(179,184,480),(180,185,500),(181,186,520),(182,187,540),(183,188,560),(184,189,580),(185,190,600);
/*!40000 ALTER TABLE `item_stock` ENABLE KEYS */;
UNLOCK TABLES;

--
-- Table structure for table `item_stock_log`
--

DROP TABLE IF EXISTS `item_stock_log`;
/*!40101 SET @saved_cs_client     = @@character_set_client */;
/*!50503 SET character_set_client = utf8mb4 */;
CREATE TABLE `item_stock_log` (
  `id` varchar(50) NOT NULL COMMENT 'ID',
  `item_id` int(11) NOT NULL DEFAULT '0' COMMENT '商品ID',
  `amount` int(11) NOT NULL DEFAULT '0' COMMENT '数量',
  `status` int(11) NOT NULL DEFAULT '0' COMMENT '0-default; 1-success; 2-failure;',
  PRIMARY KEY (`id`)
) ENGINE=InnoDB DEFAULT CHARSET=utf8;
/*!40101 SET character_set_client = @saved_cs_client */;

--
-- Dumping data for table `item_stock_log`
--

LOCK TABLES `item_stock_log` WRITE;
/*!40000 ALTER TABLE `item_stock_log` DISABLE KEYS */;
INSERT INTO `item_stock_log` VALUES ('2e66fd0aaf1a4ec8b664b71dc0bfdb20',162,3,1),('b5d39c81e8a14382be8560e86670009c',162,1,1),('d49f5a01cff246edad79f4f2975aae19',162,2,3),('d592e763cf8841ca86e02e9826acef51',162,1,3),('ec7d06028a8f40729894f099bdd7a1b8',162,1,0),('f8d683e21db5406988824426963a4ed7',162,1,3);
/*!40000 ALTER TABLE `item_stock_log` ENABLE KEYS */;
UNLOCK TABLES;

--
-- Table structure for table `order_info`
--

DROP TABLE IF EXISTS `order_info`;
/*!40101 SET @saved_cs_client     = @@character_set_client */;
/*!50503 SET character_set_client = utf8mb4 */;
CREATE TABLE `order_info` (
  `id` varchar(50) NOT NULL COMMENT 'ID',
  `user_id` int(11) NOT NULL DEFAULT '0' COMMENT '用户ID',
  `item_id` int(11) NOT NULL DEFAULT '0' COMMENT '商品ID',
  `promotion_id` int(11) DEFAULT '0' COMMENT '活动ID',
  `order_price` double NOT NULL DEFAULT '0' COMMENT '下单价格',
  `order_amount` int(11) NOT NULL DEFAULT '0' COMMENT '下单数量',
  `order_total` double NOT NULL DEFAULT '0' COMMENT '下单金额',
  `order_time` datetime DEFAULT CURRENT_TIMESTAMP COMMENT '下单时间',
  `order_status` int(1) NOT NULL COMMENT '0 - 待付款;1 - 待发货;2 - 待收货;3 - 已完成',
  `receiver_name` varchar(25) NOT NULL COMMENT '收货人名',
  `receiver_phone` varchar(25) NOT NULL COMMENT '收货号码',
  `receiver_address` varchar(255) NOT NULL COMMENT '收货地址',
  `shipment_number` varchar(25) DEFAULT NULL COMMENT '物流编号',
  PRIMARY KEY (`id`)
) ENGINE=InnoDB DEFAULT CHARSET=utf8;
/*!40101 SET character_set_client = @saved_cs_client */;

--
-- Dumping data for table `order_info`
--

LOCK TABLES `order_info` WRITE;
/*!40000 ALTER TABLE `order_info` DISABLE KEYS */;
INSERT INTO `order_info` VALUES ('20211204000000000000',22,162,93,10,1,10,'2021-12-04 22:38:06',0,'老陈','18142871637','广东省江门市五邑大学',NULL),('20211204000000000001',22,162,93,10,3,30,'2021-12-04 22:39:52',0,'老陈','18142871637','广东省江门市五邑大学',NULL);
/*!40000 ALTER TABLE `order_info` ENABLE KEYS */;
UNLOCK TABLES;

--
-- Table structure for table `promotion`
--

DROP TABLE IF EXISTS `promotion`;
/*!40101 SET @saved_cs_client     = @@character_set_client */;
/*!50503 SET character_set_client = utf8mb4 */;
CREATE TABLE `promotion` (
  `id` int(11) NOT NULL AUTO_INCREMENT COMMENT 'ID',
  `name` varchar(100) NOT NULL DEFAULT '' COMMENT '活动名称',
  `start_time` datetime NOT NULL DEFAULT CURRENT_TIMESTAMP COMMENT '开始时间',
  `end_time` datetime NOT NULL DEFAULT CURRENT_TIMESTAMP COMMENT '结束时间',
  `item_id` int(11) NOT NULL DEFAULT '0' COMMENT '商品ID',
  `promotion_price` double NOT NULL DEFAULT '0' COMMENT '活动价格',
  PRIMARY KEY (`id`),
  UNIQUE KEY `item_id_UNIQUE` (`item_id`)
) ENGINE=InnoDB AUTO_INCREMENT=122 DEFAULT CHARSET=utf8;
/*!40101 SET character_set_client = @saved_cs_client */;

--
-- Dumping data for table `promotion`
--

LOCK TABLES `promotion` WRITE;
/*!40000 ALTER TABLE `promotion` DISABLE KEYS */;
INSERT INTO `promotion` VALUES (92,'2021粤康防疫专场活动','2021-02-04 15:23:12','2022-02-04 15:23:12',161,5),(93,'2021粤康防疫专场活动','2021-02-04 15:23:13','2022-02-04 15:23:13',162,10),(94,'2021粤康防疫专场活动','2021-02-04 15:23:13','2022-02-04 15:23:13',163,15),(95,'2021粤康防疫专场活动','2021-02-04 15:23:13','2022-02-04 15:23:13',164,20),(96,'2021粤康防疫专场活动','2021-02-04 15:23:13','2022-02-04 15:23:13',165,25),(97,'2021粤康防疫专场活动','2021-02-04 15:23:13','2022-02-04 15:23:13',166,30),(98,'2021粤康防疫专场活动','2021-02-04 15:23:14','2022-02-04 15:23:14',167,35),(99,'2021粤康防疫专场活动','2021-02-04 15:23:14','2022-02-04 15:23:14',168,40),(100,'2021粤康防疫专场活动','2021-02-04 15:23:14','2022-02-04 15:23:14',169,45),(101,'2021粤康防疫专场活动','2021-02-04 15:23:14','2022-02-04 15:23:14',170,50),(102,'2021粤康防疫专场活动','2021-02-04 15:23:15','2022-02-04 15:23:15',171,55),(103,'2021粤康防疫专场活动','2021-02-04 15:23:15','2022-02-04 15:23:15',172,60),(104,'2021粤康防疫专场活动','2021-02-04 15:23:15','2022-02-04 15:23:15',173,65),(105,'2021粤康防疫专场活动','2021-02-04 15:23:15','2022-02-04 15:23:15',174,70),(106,'2021粤康防疫专场活动','2021-02-04 15:23:15','2022-02-04 15:23:15',175,75),(107,'2021粤康防疫专场活动','2021-02-04 15:23:16','2022-02-04 15:23:16',176,80),(108,'2021粤康防疫专场活动','2021-02-04 15:23:16','2022-02-04 15:23:16',177,85),(109,'2021粤康防疫专场活动','2021-02-04 15:23:16','2022-02-04 15:23:16',178,90),(110,'2021粤康防疫专场活动','2021-02-04 15:23:16','2022-02-04 15:23:16',179,95),(111,'2021粤康防疫专场活动','2021-02-04 15:23:16','2022-02-04 15:23:16',180,100),(112,'2021粤康防疫专场活动','2021-02-04 15:23:16','2022-02-04 15:23:16',181,105),(113,'2021粤康防疫专场活动','2021-02-04 15:23:16','2022-02-04 15:23:16',182,110),(114,'2021粤康防疫专场活动','2021-02-04 15:23:17','2022-02-04 15:23:17',183,115),(115,'2021粤康防疫专场活动','2021-02-04 15:23:17','2022-02-04 15:23:17',184,120),(116,'2021粤康防疫专场活动','2021-02-04 15:23:17','2022-02-04 15:23:17',185,125),(117,'2021粤康防疫专场活动','2021-02-04 15:23:17','2022-02-04 15:23:17',186,130),(118,'2021粤康防疫专场活动','2021-02-04 15:23:17','2022-02-04 15:23:17',187,135),(119,'2021粤康防疫专场活动','2021-02-04 15:23:17','2022-02-04 15:23:17',188,140),(120,'2021粤康防疫专场活动','2021-02-04 15:23:17','2022-02-04 15:23:17',189,145),(121,'2021粤康防疫专场活动','2021-02-04 15:23:17','2022-02-04 15:23:17',190,150);
/*!40000 ALTER TABLE `promotion` ENABLE KEYS */;
UNLOCK TABLES;

--
-- Table structure for table `serial_number`
--

DROP TABLE IF EXISTS `serial_number`;
/*!40101 SET @saved_cs_client     = @@character_set_client */;
/*!50503 SET character_set_client = utf8mb4 */;
CREATE TABLE `serial_number` (
  `name` varchar(50) NOT NULL COMMENT '配置项名称',
  `value` int(11) NOT NULL DEFAULT '0' COMMENT '值',
  `step` int(11) NOT NULL DEFAULT '1' COMMENT '步长',
  PRIMARY KEY (`name`),
  UNIQUE KEY `name_UNIQUE` (`name`)
) ENGINE=InnoDB DEFAULT CHARSET=utf8;
/*!40101 SET character_set_client = @saved_cs_client */;

--
-- Dumping data for table `serial_number`
--

LOCK TABLES `serial_number` WRITE;
/*!40000 ALTER TABLE `serial_number` DISABLE KEYS */;
INSERT INTO `serial_number` VALUES ('order_serial',2,1);
/*!40000 ALTER TABLE `serial_number` ENABLE KEYS */;
UNLOCK TABLES;

--
-- Table structure for table `t_permission`
--

DROP TABLE IF EXISTS `t_permission`;
/*!40101 SET @saved_cs_client     = @@character_set_client */;
/*!50503 SET character_set_client = utf8mb4 */;
CREATE TABLE `t_permission` (
  `id` bigint(20) NOT NULL AUTO_INCREMENT,
  `name` varchar(255) DEFAULT NULL COMMENT '名称',
  `description` varchar(255) DEFAULT NULL COMMENT '描述',
  `path` varchar(255) DEFAULT NULL COMMENT '菜单路径',
  `flag` varchar(10) DEFAULT NULL COMMENT '唯一标识',
  PRIMARY KEY (`id`) USING BTREE
) ENGINE=InnoDB AUTO_INCREMENT=31 DEFAULT CHARSET=utf8 ROW_FORMAT=DYNAMIC COMMENT='权限菜单表';
/*!40101 SET character_set_client = @saved_cs_client */;

--
-- Dumping data for table `t_permission`
--

LOCK TABLES `t_permission` WRITE;
/*!40000 ALTER TABLE `t_permission` DISABLE KEYS */;
INSERT INTO `t_permission` VALUES (1,'管理员管理','管理员管理','/page/end/user.html','user'),(2,'角色管理','角色管理','/page/end/role.html','role'),(3,'权限管理','权限管理','/page/end/permission.html','permission'),(25,'商品管理','商品管理','/page/end/item.html','item'),(26,'库存管理','库存管理','/page/end/ItemStock.html','ItemStock'),(27,'订单管理','订单管理','/page/end/orderInfo.html','orderInfo'),(28,'用户管理','用户管理','/page/end/userInfo.html','userInfo'),(29,'活动管理','活动管理','/page/end/promotion.html','promotion'),(30,'库存日志','库存日志','/page/end/itemStockLog.html','stockLog');
/*!40000 ALTER TABLE `t_permission` ENABLE KEYS */;
UNLOCK TABLES;

--
-- Table structure for table `t_role`
--

DROP TABLE IF EXISTS `t_role`;
/*!40101 SET @saved_cs_client     = @@character_set_client */;
/*!50503 SET character_set_client = utf8mb4 */;
CREATE TABLE `t_role` (
  `id` bigint(20) NOT NULL AUTO_INCREMENT COMMENT 'ID',
  `name` varchar(255) DEFAULT NULL COMMENT '名称',
  `description` varchar(255) DEFAULT NULL COMMENT '描述',
  `permission` varchar(2000) DEFAULT NULL COMMENT '权限列表',
  PRIMARY KEY (`id`) USING BTREE
) ENGINE=InnoDB AUTO_INCREMENT=3 DEFAULT CHARSET=utf8 ROW_FORMAT=DYNAMIC COMMENT='角色表';
/*!40101 SET character_set_client = @saved_cs_client */;

--
-- Dumping data for table `t_role`
--

LOCK TABLES `t_role` WRITE;
/*!40000 ALTER TABLE `t_role` DISABLE KEYS */;
INSERT INTO `t_role` VALUES (1,'超级管理员','所有权限','[{\"id\":28,\"name\":\"用户管理\",\"path\":\"/page/end/userInfo.html\",\"description\":\"用户管理\",\"flag\":\"userInfo\"},{\"id\":25,\"name\":\"商品管理\",\"path\":\"/page/end/item.html\",\"description\":\"商品管理\",\"flag\":\"item\"},{\"id\":26,\"name\":\"库存管理\",\"path\":\"/page/end/ItemStock.html\",\"description\":\"库存管理\",\"flag\":\"ItemStock\"},{\"id\":30,\"name\":\"库存日志\",\"path\":\"/page/end/itemStockLog.html\",\"description\":\"库存日志\",\"flag\":\"stockLog\"},{\"id\":29,\"name\":\"活动管理\",\"path\":\"/page/end/promotion.html\",\"description\":\"活动管理\",\"flag\":\"promotion\"},{\"id\":27,\"name\":\"订单管理\",\"path\":\"/page/end/orderInfo.html\",\"description\":\"订单管理\",\"flag\":\"orderInfo\"},{\"id\":1,\"name\":\"管理员管理\",\"path\":\"/page/end/user.html\",\"description\":\"管理员管理\",\"flag\":\"user\"},{\"id\":2,\"name\":\"角色管理\",\"path\":\"/page/end/role.html\",\"description\":\"角色管理\",\"flag\":\"role\"},{\"id\":3,\"name\":\"权限管理\",\"path\":\"/page/end/permission.html\",\"description\":\"权限管理\",\"flag\":\"permission\"}]'),(2,'普通用户','部分权限','[{\"id\":28,\"name\":\"用户管理\",\"path\":\"/page/end/userInfo.html\",\"description\":\"用户管理\",\"flag\":\"userInfo\"}]');
/*!40000 ALTER TABLE `t_role` ENABLE KEYS */;
UNLOCK TABLES;

--
-- Table structure for table `t_user`
--

DROP TABLE IF EXISTS `t_user`;
/*!40101 SET @saved_cs_client     = @@character_set_client */;
/*!50503 SET character_set_client = utf8mb4 */;
CREATE TABLE `t_user` (
  `id` bigint(20) NOT NULL AUTO_INCREMENT,
  `username` varchar(255) CHARACTER SET utf8mb4 COLLATE utf8mb4_unicode_ci NOT NULL COMMENT '用户名',
  `password` varchar(255) CHARACTER SET utf8mb4 COLLATE utf8mb4_unicode_ci DEFAULT NULL COMMENT '密码',
  `email` varchar(255) CHARACTER SET utf8mb4 COLLATE utf8mb4_unicode_ci DEFAULT NULL COMMENT '邮箱',
  `phone` varchar(255) CHARACTER SET utf8mb4 COLLATE utf8mb4_unicode_ci DEFAULT NULL COMMENT '手机号',
  `avatar` varchar(255) CHARACTER SET utf8mb4 COLLATE utf8mb4_unicode_ci DEFAULT NULL COMMENT '头像',
  `role` varchar(255) CHARACTER SET utf8mb4 COLLATE utf8mb4_unicode_ci DEFAULT NULL COMMENT '权限',
  `department` varchar(255) CHARACTER SET utf8mb4 COLLATE utf8mb4_unicode_ci DEFAULT NULL COMMENT '部门',
  `position` varchar(255) CHARACTER SET utf8mb4 COLLATE utf8mb4_unicode_ci DEFAULT NULL COMMENT '职位',
  PRIMARY KEY (`id`) USING BTREE,
  UNIQUE KEY `uni` (`username`) USING BTREE
) ENGINE=InnoDB AUTO_INCREMENT=30 DEFAULT CHARSET=utf8mb4 COLLATE=utf8mb4_unicode_ci ROW_FORMAT=DYNAMIC COMMENT='用户表';
/*!40101 SET character_set_client = @saved_cs_client */;

--
-- Dumping data for table `t_user`
--

LOCK TABLES `t_user` WRITE;
/*!40000 ALTER TABLE `t_user` DISABLE KEYS */;
INSERT INTO `t_user` VALUES (1,'admin','admin','1122334455','18142871637','1640590571753','[{\"id\":1,\"name\":\"超级管理员\",\"description\":null,\"permission\":null}]',NULL,NULL),(11,'mike','123456','mike@qq.com','13685249632','1616271650817','[{\"id\":2,\"name\":\"普通用户\",\"description\":\"部分权限\",\"permission\":[{\"id\":4,\"name\":\"插件管理\",\"path\":\"/page/end/plugins.html\",\"description\":\"插件管理\",\"flag\":\"plugins\"},{\"id\":5,\"name\":\"聊天室\",\"path\":\"/page/end/im.html\",\"description\":\"聊天室\",\"flag\":\"im\"}]}]',NULL,NULL);
/*!40000 ALTER TABLE `t_user` ENABLE KEYS */;
UNLOCK TABLES;

--
-- Table structure for table `user_info`
--

DROP TABLE IF EXISTS `user_info`;
/*!40101 SET @saved_cs_client     = @@character_set_client */;
/*!50503 SET character_set_client = utf8mb4 */;
CREATE TABLE `user_info` (
  `id` int(11) NOT NULL AUTO_INCREMENT COMMENT 'ID',
  `phone` varchar(20) NOT NULL DEFAULT '' COMMENT '手机号码',
  `password` varchar(100) NOT NULL DEFAULT '' COMMENT '密码',
  `nickname` varchar(100) NOT NULL DEFAULT '' COMMENT '昵称',
  `gender` tinyint(4) NOT NULL DEFAULT '0' COMMENT '性别 0-女 1-男',
  `age` int(11) NOT NULL DEFAULT '0' COMMENT '年龄',
  `receiver_name` varchar(25) NOT NULL COMMENT '收货名称',
  `receiver_phone` varchar(25) NOT NULL COMMENT '收货号码',
  `receiver_address` varchar(25) NOT NULL COMMENT '收货地址',
  PRIMARY KEY (`id`),
  UNIQUE KEY `phone_UNIQUE` (`phone`)
) ENGINE=InnoDB AUTO_INCREMENT=23 DEFAULT CHARSET=utf8;
/*!40101 SET character_set_client = @saved_cs_client */;

--
-- Dumping data for table `user_info`
--

LOCK TABLES `user_info` WRITE;
/*!40000 ALTER TABLE `user_info` DISABLE KEYS */;
INSERT INTO `user_info` VALUES (21,'18142871637','9e15f147aa85991e262910d2539d32d9','国际歌',1,25,'老陈','18142871637','广东省江门市五邑大学'),(22,'13710821768','9e15f147aa85991e262910d2539d32d9','国际歌',1,25,'老陈','18142871637','广东省江门市五邑大学');
/*!40000 ALTER TABLE `user_info` ENABLE KEYS */;
UNLOCK TABLES;

--
-- Dumping events for database 'seckill'
--

--
-- Dumping routines for database 'seckill'
--
/*!40103 SET TIME_ZONE=@OLD_TIME_ZONE */;

/*!40101 SET SQL_MODE=@OLD_SQL_MODE */;
/*!40014 SET FOREIGN_KEY_CHECKS=@OLD_FOREIGN_KEY_CHECKS */;
/*!40014 SET UNIQUE_CHECKS=@OLD_UNIQUE_CHECKS */;
/*!40101 SET CHARACTER_SET_CLIENT=@OLD_CHARACTER_SET_CLIENT */;
/*!40101 SET CHARACTER_SET_RESULTS=@OLD_CHARACTER_SET_RESULTS */;
/*!40101 SET COLLATION_CONNECTION=@OLD_COLLATION_CONNECTION */;
/*!40111 SET SQL_NOTES=@OLD_SQL_NOTES */;

-- Dump completed on 2021-12-27 19:32:34
